BusinessID,premium_charged
00003A17,29398.72
00003A35,15504.59
0006A149,11049.8
0000A221,21009.38
0001A225,21793.14
0006A238,50833.16
0005A383,20559.72
0005A594,13445.91
0005A842,8859.02
0004A920,5152.59
0004A922,18505.02
0002A923,17839.68
001A1037,16112.67
007A1121,8269.45
006A1175,8222.03
006A1236,15061.3
005A1491,20639.31
004A1558,18876.66
006A1667,7839.58
004A1728,12765.89
003A2016,4554.16
004A2103,16985.86
001A2285,17028.64
004A2306,4668.87
003A2352,12378.54
008A2402,22381.6
005A2531,10651.01
002A2838,19849.56
007A2846,45211.02
004A3071,26460.94
006A3101,19554.89
003A3255,27075.02
007A3266,22662.07
008A3268,13180.17
003A3327,16266.97
005A3329,16304.82
005A3332,15584.81
006A3371,7570.66
007A3429,19537.58
002A3457,14918.47
007A3633,8661.43
001A3951,20837.34
005A4027,5225.05
008A4028,14395.74
005A4123,8605.96
000A4136,9886.26
005A4164,1896.56
003A4223,39499.9
005A4241,7351.26
004A4353,10495.41
002A4379,19699.6
004A4389,36280.68
002A4434,110890.93
007A4437,31921.7
007A4742,56572.28
004A4821,13637.63
003A4928,17983.07
008A4944,17318.04
007A5076,6518.93
001A5197,14273.44
006A5235,22972.68
002A5398,22809.9
003A5675,4380.2
003A5676,17496.51
003A5736,5664.52
002A5901,99832.75
005A5953,29084.19
005A5970,14584.83
006A6056,70607.48
008A6209,11428.9
003A6333,17809.05
006A6492,16171.5
008A6587,11569.3
004A6708,5271.91
007A7016,6052.22
001A7093,26104.54
001A7266,22115.05
003A7273,13244.14
002A7322,16581.12
002A7324,6401.42
001A7334,14414.3
007A7348,7895.65
002A7387,16585.86
003A7556,44041.54
004A7570,14008.92
008A7589,23294.16
004A7594,7685.42
003A7799,8291.54
007A7844,11276.82
007A7962,108334.65
002A8043,17157.84
006A8068,21527.5
009A8081,7650.74
002A8580,34314.4
005A8592,2706.98
009A8626,7099.34
008A8641,18806.96
001A8662,6201.94
006A8740,5351.59
002A8812,60480.4
003A8888,17506.54
002A8920,9092.66
001A8934,8241.41
008A8998,18132.81
007A9002,6942.0
004A9083,10671.22
008A9139,14699.52
001A9181,37676.52
006A9182,8424.18
005A9727,4984.47
009A9836,169988.9
003A9864,10066.57
03A10031,8534.98
02A10059,24913.54
01A10137,12925.45
08A10268,14604.09
07A10341,13341.91
03A10397,33674.76
05A10446,6087.95
07A10697,10096.01
07A10735,9279.33
02A10776,5420.11
07A10824,45174.14
06A10865,12280.63
08A10899,26919.38
03A10934,20045.51
08A10940,5671.42
08A11036,64592.46
03A11139,18712.46
06A11177,28273.1
02A11252,12952.22
02A11452,17798.09
07A11483,38024.98
03A11515,117501.2
06A11587,14475.68
03A11685,10047.73
04A11823,28056.14
04A11889,11601.16
03A11938,36571.3
07A11939,8909.73
02A11959,9079.06
06A12218,32810.5
06A12311,6391.71
02A12325,7590.4
03A12396,29715.07
06A12467,18848.38
07A12480,4688.06
02A12507,11616.65
02A12537,34102.49
02A12546,10405.76
04A12550,10755.09
01A12624,10217.75
04A12655,6067.22
02A12687,6968.36
02A12709,6439.52
06A13011,30244.6
07A13082,23630.22
03A13228,6215.03
01A13259,16727.23
08A13261,8983.06
04A13642,15648.33
01A13716,18865.72
06A13900,2521.94
01A14037,44908.44
08A14080,12387.86
07A14098,29455.24
09A14140,20947.61
03A14174,36257.32
02A14210,5884.15
04A14341,13410.89
00A14397,10837.82
05A14649,5494.04
06A14730,35889.68
02A14778,10791.56
06A15122,26294.83
07A15206,21416.31
03A15214,13567.34
05A15357,14865.35
03A15534,13000.77
05A15659,23937.52
02A15664,15329.88
04A15860,8489.55
08A15866,9111.47
01A15909,4205.25
02A15912,35971.66
07A15917,8230.69
06A15931,14845.9
04A16072,12232.43
04A16302,6859.77
04A16412,14309.26
08A16541,8313.4
05A16637,21703.57
01A16658,23408.18
05A16679,15728.92
01A16876,14285.09
01A16924,13763.36
01A17277,17300.28
00A17407,7073.48
05A17534,6603.89
03A17574,10166.54
02A17581,8580.22
07A17629,18462.68
06A17660,34890.76
08A17685,23604.95
02A17689,9497.35
08A17778,18170.48
08A17939,27209.66
06A17952,54180.23
07A17954,12077.8
08A18072,7722.96
02A18074,12995.42
03A18235,23688.52
04A18405,10173.09
08A18555,6448.78
08A18582,13276.94
01A18609,18393.96
03A18659,7113.42
01A18688,13454.02
03A18829,11997.1
01A18899,14061.22
06A18914,4659.39
06A18940,10828.16
08A19129,15790.26
05A19151,8560.88
02A19184,8556.84
04A19417,5676.14
05A19421,23271.51
04A19458,46794.16
08A19466,7419.93
08A19602,18716.9
02A19763,6448.1
08A19768,16415.87
05A19815,25336.8
06A19839,38920.37
04A19864,46070.19
03A19946,14892.44
04A20059,11487.37
01A20072,15013.36
06A20271,12249.27
06A20296,27819.68
03A20351,7036.34
03A20389,7096.73
05A20424,21537.85
05A20622,20569.62
06A20627,7297.33
01A20865,33983.01
04A20962,15340.9
04A21430,19234.21
04A21473,13967.97
08A21570,22067.62
03A21580,13608.97
02A21770,22189.33
01A21981,21825.13
06A22171,14819.97
08A22357,11066.05
02A22471,33528.9
05A22485,4351.21
05A22617,7305.48
07A22629,19129.48
07A22803,7511.92
07A22809,14972.39
07A22880,42203.32
07A22924,10051.66
05A23016,6542.54
03A23140,11529.3
01A23174,21171.97
04A23220,2941.83
06A23304,15568.34
04A23409,8231.73
04A23507,34053.76
04A23539,10015.96
06A23580,45518.5
06A23591,8573.76
08A23881,25068.75
07A23934,28753.06
06A24004,6351.06
08A24043,20406.25
06A24068,21555.74
01A24186,15771.64
03A24188,9413.05
07A24340,11055.51
06A24356,9603.46
03A24438,10185.61
05A24507,7868.95
08A24900,23899.82
00A24980,10261.15
04A25176,9746.36
04A25191,100073.0
03A25194,7518.3
05A25374,7810.29
06A25405,17587.33
05A25424,15098.05
01A25558,9414.77
02A25700,18352.01
07A25804,22893.78
05A26031,16020.21
07A26058,22344.87
05A26298,10036.73
03A26442,26288.56
03A26539,7177.52
04A26542,43954.76
02A26709,51094.79
01A26829,7288.48
07A27129,13394.07
07A27182,9263.5
09A27282,17199.09
01A27339,25548.73
06A27383,18571.64
05A27517,64035.59
04A27708,19881.38
06A27732,10124.86
05A27823,12138.23
00A27910,15551.26
07A27937,5573.11
03A27971,14387.96
02A28032,12423.84
01A28171,24705.99
04A28218,20265.77
06A28238,14898.83
08A28323,5433.05
01A28529,50443.9
07A28681,10722.48
03A28715,22397.87
02A28805,12074.4
05A28870,2854.46
06A28966,44659.8
04A29119,20897.6
06A29131,11187.85
06A29142,15271.23
05A29203,12340.64
06A29238,15234.54
09A29537,12184.45
06A29743,100999.52
03A29778,16365.09
07A29834,45671.56
03A29945,24579.86
02A29957,29703.78
04A30340,11765.19
05A30415,6290.97
04A30444,7548.79
07A30458,40395.82
02A30929,4158.06
07A30966,18607.02
08A31035,5275.41
04A31271,10572.88
08A31304,4445.24
08A31405,11483.2
05A31417,18550.01
03A31492,25594.13
01A31502,8027.24
07A31529,15479.32
02A31736,10889.25
08A31753,12354.18
03A31904,16490.62
06A31917,14277.33
03A31939,5325.24
06A31986,13803.14
06A32035,2319.9
08A32265,9670.37
06A32312,33883.69
03A32346,21320.45
01A32485,32045.94
01A32581,18864.57
04A32609,270875.4
04A32625,5238.54
01A32855,4677.05
04A33196,63453.28
08A33254,22518.62
01A33273,28678.72
04A33292,14993.68
09A33447,5340.29
06A33501,18697.29
06A33506,9030.23
08A33549,11409.09
02A33596,8488.2
02A33634,19761.74
08A33735,35444.02
01A33771,23179.57
03A33776,18423.63
03A33842,13071.48
08A33844,13178.92
08A34050,6976.34
08A34064,16166.58
01A34079,7460.76
09A34101,20078.96
08A34106,17854.46
08A34342,11282.33
02A34487,15898.58
01A34516,16213.67
04A34562,19261.36
01A34639,16537.41
05A34697,17027.76
03A34723,3147.46
01A34725,8222.49
04A34729,13066.66
06A34755,17358.71
08A34768,2116.12
07A35210,14032.59
08A35250,2077.83
06A35274,7557.95
03A35308,34739.92
04A35454,6329.93
00A35569,22194.09
03A35875,16875.28
09A35923,114229.98
03A35927,21963.08
05A36177,37570.53
07A36298,12627.72
08A36302,18946.06
03A36434,13990.34
01A36546,18155.47
01A36706,7227.88
01A36733,22415.63
03A36861,29348.35
02A37067,24604.18
04A37293,24738.37
05A37389,2459.26
04A37440,25317.09
03A37543,6044.83
03A37716,14424.16
07A38075,10848.79
03A38111,18278.52
00A38122,11028.61
04A38152,7177.74
06A38165,6038.02
01A38314,44303.38
03A38551,29763.88
01A38563,5250.69
04A38740,11387.38
07A38776,43694.53
01A38805,12846.44
03A38856,4353.09
06A39108,8697.12
06A39115,15782.28
08A39207,5601.32
08A39318,9593.78
01A39354,31278.7
08A39465,11852.28
07A39491,8996.26
01A39626,5591.71
07A39663,27491.92
07A39698,8341.39
08A39707,14761.21
02A39719,32941.32
08A39877,19217.15
02A39900,10039.87
08A40149,7160.26
03A40153,10939.11
03A40323,23159.0
04A40422,16505.79
04A40474,16554.58
08A40869,16097.37
01A40887,9008.9
04A40996,13842.9
04A41129,28341.43
06A41145,156186.44
06A41164,6255.98
04A41167,5332.32
03A41289,5102.11
06A41446,22150.66
07A41461,13096.69
02A41488,19349.67
04A41633,21355.08
05A41732,9849.97
08A41765,34056.51
05A41811,20802.38
04A41839,12348.83
04A41919,8257.87
03A41976,20772.78
05A41989,14576.21
05A42123,15557.68
04A42409,21076.33
07A42768,30649.87
01A42841,6785.57
06A42844,9034.44
02A43141,26028.44
04A43178,13251.98
04A43226,14172.47
08A43285,16096.73
03A43339,23503.0
05A43429,20092.41
02A43467,24014.26
05A43491,4441.94
09A43564,35969.99
01A43668,18819.83
03A43907,15314.78
08A43910,12255.89
04A43960,17836.55
02A44047,6250.45
08A44187,7843.12
03A44413,39640.99
07A44426,16510.47
08A44490,3517.23
03A44684,16430.64
05A44876,2327.14
05A44881,25638.1
04A45156,38703.22
08A45171,19036.25
05A45519,4476.26
05A45638,16185.08
03A45673,4858.39
06A45782,26722.74
04A45847,14600.84
05A45860,1924.83
01A45889,18738.74
00A46019,6868.01
07A46038,34095.12
01A46086,108041.24
05A46091,8513.78
05A46120,20814.81
06A46218,17489.39
04A46241,35206.76
08A46333,6177.5
05A46561,112898.02
00A46568,15871.4
03A46579,16662.28
09A46771,13620.96
05A46802,17905.68
04A46944,9265.2
07A46953,36125.22
07A47077,13494.18
02A47177,6517.66
07A47290,15034.84
03A47346,13472.3
01A47358,18572.32
06A47638,13610.03
08A47652,6520.26
03A47675,4026.63
02A47875,13506.76
08A47964,8576.23
08A48098,8739.54
02A48434,31566.96
08A48511,41860.72
05A48516,14796.38
00A48573,1889.37
01A48758,37555.96
06A48772,66408.96
06A48858,4187.35
04A49031,8029.86
01A49096,21983.66
04A49108,12586.25
04A49183,14146.99
08A49240,34705.52
03A49273,18972.79
06A49321,12727.4
03A49537,11267.04
07A49603,16032.44
07A49713,14919.5
00A49724,9139.97
05A49894,10133.64
07A50055,48001.9
01A50074,6207.09
02A50137,7772.15
02A50288,16928.11
01A50449,12978.8
01A50528,28909.0
02A50598,30264.12
02A50616,12183.08
06A50739,55711.34
02A50752,6305.3
05A50969,15120.76
00A51353,20341.42
06A51371,13567.57
06A51492,10015.62
01A51654,21929.57
01A51666,12339.1
03A51670,25828.88
01A51767,12317.16
02A51811,36553.18
01A51824,11925.38
02A52002,11699.77
05A52132,32988.09
02A52208,8980.84
07A52233,54805.72
06A52285,13841.44
06A52325,9379.62
04A52357,51204.4
08A52437,7839.2
06A52653,16301.74
03A52706,5968.92
06A52835,16831.62
01A53128,2324.14
05A53495,17757.93
04A53671,58411.19
06A53679,38891.53
05A53875,9520.24
05A53899,4340.0
02A53974,6023.12
06A53981,16876.27
07A54097,17762.74
06A54179,12797.75
04A54411,11241.31
05A54499,11618.42
06A54500,17378.39
02A54513,14555.14
04A54538,7128.09
06A54639,34739.22
01A54703,18676.97
07A54859,107433.53
01A54884,17445.14
07A54933,15561.61
02A55285,22698.58
02A55371,39648.1
06A55379,32171.83
05A55439,3792.08
01A55798,10377.98
08A55823,2522.12
01A55947,4324.47
04A55948,18412.72
05A56041,28225.84
02A56091,18032.86
03A56313,7719.71
03A56319,15530.98
05A56403,4602.14
05A56405,5591.96
04A56436,14577.04
07A56521,25345.45
02A56648,33432.42
05A56713,29565.7
07A56889,6972.93
04A57075,5370.7
09A57188,15385.6
02A57235,7411.94
06A57279,35512.58
03A57355,30223.95
08A57374,22207.89
04A57496,94606.68
01A57620,16610.67
01A57651,40999.94
05A57660,22837.97
08A57673,14001.3
02A57705,19728.07
06A57724,6997.66
06A57819,22456.93
01A57837,4105.13
09A57936,31634.2
07A58041,20231.38
02A58044,18303.12
03A58112,13182.58
02A58134,59971.81
05A58305,45674.12
05A58310,14778.05
02A58359,12090.54
03A58586,16287.7
02A58680,5329.26
08A58697,11749.24
07A58763,14393.91
05A58912,20021.14
01A59130,18294.71
01A59189,13942.71
07A59330,20693.98
03A59357,10091.78
06A59405,7659.89
08A59416,13315.76
03A59612,24055.0
00A59613,5880.8
03A59621,7168.87
05A59784,8615.09
02A59949,6130.09
01A59969,14881.89
03A60139,5916.73
06A60282,21065.48
03A60316,16590.64
08A60437,10908.64
02A60504,51893.58
08A60611,86970.64
01A60702,40021.73
07A60740,5540.08
01A60747,5503.53
09A60854,25090.22
05A60932,33194.26
04A60936,16144.15
03A61032,11250.86
08A61105,11665.15
02A61204,21499.22
04A61468,8009.35
01A61493,12966.49
01A61530,7163.4
08A61586,16655.85
08A61693,12442.96
02A61899,22050.66
07A61900,10603.3
06A61953,17816.92
07A61971,6218.39
09A61981,9516.08
07A62283,5566.84
05A62605,11963.43
06A62776,32004.26
05A62781,13895.17
05A62883,8575.58
02A62964,26498.07
02A63032,15067.3
03A63135,17186.02
00A63190,32274.47
09A63237,2623.06
02A63430,21463.72
07A63482,14409.1
05A63552,11609.42
03A63659,4265.7
04A63660,22772.86
09A63790,26917.24
09A63812,27798.23
05A63862,8689.37
09A63885,12248.88
05A63974,21139.59
05A63995,14862.99
08A64144,37168.47
04A64440,9215.66
05A64496,11688.35
05A64552,4831.87
01A64579,12473.15
07A64596,82411.97
06A64681,36112.73
01A64738,5508.75
07A64905,7164.91
08A65140,37128.92
01A65401,24948.79
08A65501,12612.12
00A65546,39412.16
03A65613,48337.46
04A65941,19633.26
07A66335,4023.42
06A66442,13353.43
02A66459,29108.99
07A66643,13520.42
05A66683,9063.54
08A66738,7261.24
04A66755,11161.16
01A66769,21449.88
07A66928,4190.37
05A67053,15997.84
08A67114,17136.75
09A67161,13489.5
06A67173,19543.34
02A67274,31022.54
06A67297,18942.86
09A67325,22838.16
03A67351,12670.4
06A67357,17135.66
03A67669,12951.32
03A67730,6353.2
08A67805,17689.55
02A67828,8776.94
09A67901,13087.39
04A67992,10691.34
02A68105,46216.26
07A68134,18889.33
07A68138,14203.38
06A68171,5129.68
08A68196,5281.78
05A68256,23409.44
02A68375,10846.57
00A68454,15301.71
01A68626,15323.34
08A68757,15458.3
06A68891,15353.64
02A69139,9091.32
02A69345,28093.74
06A69368,7804.7
02A69535,25320.5
02A69583,36389.6
05A69658,3793.58
09A69991,16266.45
07A70030,20567.5
06A70120,11918.31
07A70257,28133.85
05A70515,99175.54
06A70530,94181.89
05A70739,20449.72
08A70751,5509.81
04A70831,20162.96
03A70835,9476.11
02A71033,21014.46
03A71100,12659.4
07A71218,20542.26
00A71414,12484.44
03A71433,3540.76
04A71481,24685.62
06A71620,27028.82
01A71753,160184.1
06A71777,11119.04
06A71873,17622.89
09A71948,23466.64
08A72020,17880.27
03A72083,1941.86
03A72096,14258.68
04A72156,28463.62
09A72306,30052.53
03A72372,20718.01
04A72391,10563.54
04A72488,13605.67
00A72489,56954.72
09A72631,14122.14
02A72756,12572.2
06A72820,14011.22
02A72993,2831.45
01A73009,41899.52
06A73051,27568.03
08A73191,22780.37
02A73230,12684.33
03A73243,7480.88
01A73577,8695.06
02A73618,13847.79
02A73634,7731.88
06A73639,21635.14
01A73713,38368.56
08A74022,6158.06
06A74104,3668.39
05A74124,14443.38
07A74212,11873.3
04A74309,12062.12
05A74334,9362.07
01A74351,15518.09
01A74656,18778.9
05A74699,20141.28
04A74854,20012.68
05A75184,6855.83
03A75275,16893.86
03A75433,55163.93
04A75564,28355.62
01A75579,11196.15
07A75669,4374.04
02A75696,5865.04
04A75757,7254.26
09A75783,7824.11
05A75883,9123.74
07A76077,3735.47
07A76187,5539.13
07A76310,16915.83
08A76317,15812.58
08A76360,37442.85
08A76385,43212.96
03A76399,26515.56
05A76471,6153.84
03A76511,11526.83
07A76666,27751.05
02A76747,31501.54
02A76867,11961.33
04A77150,29575.11
03A77329,12856.34
08A77506,35108.52
08A77610,15069.91
05A77728,8520.53
05A77822,5062.49
05A77857,90319.34
01A77874,11218.14
02A77984,18275.92
02A78018,7096.09
07A78066,17462.21
04A78098,9659.34
07A78392,27454.4
01A78684,23450.43
02A78881,61517.01
09A79024,43035.8
00A79068,6898.86
08A79142,9320.87
01A79427,21545.24
02A79625,10356.11
01A79635,5121.74
05A79639,21341.02
06A79681,5642.88
06A79745,15397.2
02A79829,3860.11
07A79863,11262.37
01A79927,7033.65
03A80075,6348.05
03A80100,19817.8
05A80123,40007.56
05A80174,21916.12
04A80253,23628.02
01A80489,13845.93
05A80526,3157.9
04A80540,15666.3
08A80541,6888.05
07A80944,17035.07
07A80970,27879.59
05A81047,21292.17
00A81182,9194.16
03A81247,7384.24
02A81542,12222.19
02A81606,39478.27
07A81632,11490.8
03A81690,10720.07
05A81793,3535.3
03A81867,7755.17
07A82149,18597.55
04A82239,10377.08
05A82281,12323.19
01A82406,45264.96
05A82420,24534.74
06A82504,9699.69
03A82626,13535.92
08A82671,25986.68
07A82675,14147.52
06A82863,14151.82
03A82924,7999.52
02A82945,18695.78
01A83041,12586.17
07A83148,18888.76
04A83174,27889.53
06A83305,13511.76
06A83475,9874.83
05A83533,21749.45
04A83569,13649.05
08A83630,8021.36
07A83656,2059.68
04A83812,20107.84
02A83962,33839.83
02A84025,19052.5
05A84322,6948.13
03A84412,11268.63
05A84476,17129.04
05A84480,31903.44
02A84736,3373.67
01A84803,14370.72
06A84976,10149.76
07A84980,16864.17
02A84981,18173.37
06A85658,43071.7
03A85659,23623.6
05A85733,45973.7
08A85872,23382.32
05A85882,5225.35
01A86043,19996.42
08A86110,11939.78
03A86277,3806.97
02A86280,28766.9
03A86344,11540.87
02A86355,19365.38
06A86432,18714.84
08A86865,13169.16
08A87232,25285.85
07A87415,14357.41
02A87513,2597.6
04A87531,25630.87
01A87589,9894.19
08A87595,38418.2
04A87664,10217.07
04A87768,126468.8
05A87849,24799.87
02A87915,10138.58
01A87958,18270.54
02A88025,8111.23
01A88144,121234.98
06A88150,14186.8
08A88311,29335.58
06A88338,16969.68
00A88388,4072.84
06A88616,21535.22
00A88698,75430.93
08A88725,24039.5
04A88776,17318.95
08A89000,5975.7
01A89546,17635.25
07A89659,3920.79
07A89788,7783.26
04A89840,16899.79
02A89866,23957.56
04A89905,4046.23
06A90059,11652.77
03A90106,9971.82
06A90206,23218.0
05A90246,22273.18
01A90256,17943.02
02A90270,28289.37
02A90318,24216.33
03A90393,16169.17
06A90459,15123.75
02A90476,33356.49
03A90557,7925.5
05A90725,9520.16
04A90733,13058.73
08A90744,24339.46
05A90754,22392.96
01A90762,14249.88
00A90800,17899.82
05A90845,11367.27
06A90948,15211.29
03A90971,5459.74
03A91207,20605.89
00A91227,10427.58
06A91257,53815.81
03A91400,18758.92
03A91432,28261.08
02A91653,181611.48
09A91674,38134.79
01A91746,5484.15
02A91753,27970.86
08A91902,34667.38
07A91963,12177.28
03A91996,10011.66
05A92034,11609.45
03A92176,24948.2
07A92219,16253.26
07A92275,21041.19
07A92580,12358.2
06A92628,8135.84
05A92682,8403.23
08A92794,5509.92
08A92868,3585.75
06A92887,27645.68
02A92922,2452.3
01A93011,7836.21
01A93191,4712.31
04A93337,14151.74
03A93338,58798.49
00A93339,18926.48
01A93341,24232.93
01A93350,18738.7
01A93414,20964.24
01A93455,58944.34
06A93543,7699.34
05A93672,5581.79
01A93709,31111.82
07A94033,32044.03
02A94054,9357.55
06A94077,6260.34
01A94106,9976.93
05A94123,4700.29
06A94166,20243.02
01A94259,10157.23
07A94595,10999.34
08A94597,24837.69
06A94685,28599.17
04A94698,10301.33
04A94759,17508.74
00A94810,22868.74
05A94867,7327.21
05A95168,22022.56
03A95256,25657.32
08A95322,5482.9
01A95354,18022.7
01A95554,12954.35
09A95627,23911.42
01A95681,41652.25
05A95816,7963.44
02A95907,56244.8
04A95919,32225.98
04A96051,37331.62
05A96142,10527.32
01A96149,10621.87
07A96168,34613.45
01A96221,1747.49
07A96223,32600.0
06A96351,20767.18
03A96707,10941.31
01A96946,17181.32
04A96959,66198.84
05A96993,12535.78
02A97139,2959.56
01A97254,25099.5
02A97257,15253.11
02A97446,31903.8
06A97508,22496.37
01A97517,6970.31
05A97519,11720.19
07A97531,18323.62
06A97689,4906.93
01A97755,5057.13
05A97931,26004.4
08A97943,52020.54
01A98005,54839.86
07A98087,9872.66
04A98201,6057.17
03A98295,110516.53
07A98321,43827.26
04A98349,23496.59
04A98478,22149.43
07A98488,39742.33
04A98497,6861.57
02A98529,14065.52
06A98595,18470.74
05A98606,21070.89
02A98613,8568.57
06A98701,67953.98
03A98848,12674.54
04A98867,16573.21
02A98903,5528.94
08A98915,15567.88
06A98930,16740.69
07A98969,51024.82
03A99000,8623.08
08A99032,5964.98
04A99192,39395.08
07A99365,17653.99
02A99528,16257.57
02A99603,14898.36
02A99649,53446.62
06A99723,24326.84
01A99853,27339.99
01A99943,10238.62
03A99978,9627.07
6A100001,5573.16
2A100058,8431.98
5A100064,4946.62
5A100196,9047.7
5A100205,17307.68
8A100348,2553.78
8A100606,6050.46
4A100620,33404.74
1A100730,7596.98
2A100811,16542.27
6A100818,7465.14
4A100875,11378.19
7A101049,19209.96
6A101067,12929.73
5A101247,36179.48
8A101307,3155.81
1A101346,11647.99
0A101357,12860.45
2A101408,37070.08
1A101779,2061.53
2A102068,14819.45
4A102128,11682.4
4A102147,11999.49
2A102210,27042.68
2A102314,14133.52
4A102330,9476.5
1A102397,17382.86
4A102483,29241.69
3A102772,17671.35
1A102930,33958.54
4A102940,25765.76
6A102957,17489.09
1A103007,13363.43
7A103026,13188.06
5A103175,28842.5
4A103327,5229.22
7A103439,27290.99
8A103597,27663.11
2A103656,16361.06
6A103822,18795.43
5A103849,9381.1
4A104008,52151.01
2A104057,39663.68
8A104059,8834.19
4A104098,8944.3
7A104106,15935.52
2A104388,28805.71
2A104515,7223.66
9A104520,7084.42
8A104528,11193.8
2A104530,7612.75
2A104552,17327.15
1A104631,6023.1
3A104720,24812.58
7A104739,7076.58
6A105007,26426.26
8A105092,14893.18
5A105113,3766.56
6A105120,9909.01
8A105185,6716.6
1A105204,16516.82
4A105286,14004.99
1A105370,12058.19
3A105375,58351.48
2A105610,36715.41
9A105717,84385.98
1A105732,17283.66
1A105764,111216.08
4A105821,16670.84
3A105984,12668.84
5A106034,4974.63
2A106080,21131.71
4A106198,27107.52
5A106303,11295.06
4A106390,14527.94
5A106465,123279.88
7A106497,11443.18
9A106569,23546.6
7A106577,12150.38
5A106583,2144.7
5A106741,13649.81
4A106908,32566.19
3A106946,20257.08
7A107033,17756.98
5A107043,41795.13
5A107096,4658.39
2A107196,16728.76
9A107396,8520.85
2A107670,13493.44
8A107866,10347.84
2A107872,18565.83
4A107879,11349.47
9A107948,52230.76
3A107950,10807.25
7A108053,51303.06
9A108274,6040.43
7A108339,36426.52
1A108346,22305.92
0A108349,22193.9
5A108565,8618.69
3A108830,28240.36
3A108857,26362.92
4A108962,25129.24
6A109154,35415.15
4A109176,10904.27
5A109353,10606.63
2A109363,16041.04
4A109400,14891.31
2A109488,12382.42
3A109532,23780.73
2A109698,24252.49
4A109793,18619.44
5A109929,102953.5
8A110034,15688.59
8A110079,13588.7
4A110408,12451.14
7A110512,14241.56
6A110617,20231.54
7A110709,6737.49
1A110732,16377.31
5A110931,16227.76
3A110936,20489.45
8A111023,32997.84
4A111075,8553.62
2A111165,13286.33
0A111180,10000.27
9A111301,3177.68
0A111384,27698.28
1A111413,12713.4
7A111440,24476.66
2A111458,16679.36
1A111478,7032.85
1A111534,12833.64
3A111647,6296.19
5A111753,12337.36
2A111981,13539.15
7A112024,13771.74
7A112072,12999.67
3A112189,21741.59
3A112271,30389.26
6A112712,18348.57
5A112758,5211.38
3A112978,8036.71
3A113042,64276.24
0A113059,13678.56
5A113166,59609.68
7A113187,40788.78
4A113286,7566.95
2A113313,13447.92
2A113610,8399.49
2A114021,16710.27
6A114036,22417.73
1A114057,12311.41
1A114102,46337.18
6A114148,29322.66
1A114247,32939.57
2A114280,34752.63
3A114331,15349.04
2A114385,7639.9
1A114431,22087.0
2A114476,22266.27
8A114494,43548.37
6A114585,11208.37
6A114661,11901.04
5A114951,25236.1
7A115052,4335.54
6A115173,20215.93
6A115524,5999.51
4A115645,32427.58
3A115743,10582.83
1A115750,10154.76
5A115758,58152.64
3A115900,19128.84
2A115925,6842.81
7A115932,27856.54
4A116186,48157.34
4A116208,5693.81
1A116212,21126.82
9A116333,23790.92
1A116574,12288.39
3A116660,16649.92
7A116702,23720.75
5A116794,28967.28
1A116905,4874.55
4A116913,14429.06
7A116933,2708.14
1A116990,36504.39
2A117237,60320.9
7A117257,10010.45
0A117270,6256.93
8A117390,5241.6
7A117452,31119.97
8A117477,19352.33
4A117496,10673.61
2A117540,20527.82
1A117687,15763.78
0A117730,28456.19
5A117768,3056.07
3A117771,22215.36
5A117861,16590.65
1A117891,30144.49
7A117893,17274.11
4A117937,6905.28
1A118017,39238.18
6A118083,36536.66
2A118387,11021.05
5A118402,15810.89
1A118473,33016.74
2A118611,14519.72
0A118658,7691.35
7A118660,18222.11
5A118794,5909.46
1A118864,10315.22
3A118945,3150.75
3A119036,43537.16
6A119204,5878.5
5A119222,26442.34
2A119475,24291.38
1A119544,13266.22
7A119575,37494.14
6A119606,4583.26
7A119763,33504.55
1A119814,8799.38
3A119827,12281.37
4A119980,16216.27
2A119997,22676.23
2A120002,25497.69
8A120031,11744.37
4A120224,7875.8
4A120356,11394.83
4A120367,21464.6
2A120469,14543.81
5A120606,19588.03
2A120623,27056.94
6A120755,20309.58
5A120846,38827.83
7A121215,12661.04
6A121253,34612.57
6A121464,11298.21
3A121475,13029.67
9A121496,27229.42
2A121710,30418.36
7A121721,22921.68
9A121932,22195.01
3A121933,40368.27
3A122188,19469.86
6A122195,207798.27
0A122266,50668.39
3A122298,17441.25
6A122465,11559.71
8A122467,1960.84
3A122508,38284.02
7A122816,2752.5
5A123056,19913.77
8A123074,9451.82
4A123075,2746.88
3A123174,10363.0
4A123289,48695.16
1A123390,9709.97
6A123610,22152.12
4A123695,7184.53
7A123744,28666.16
7A123766,2305.21
4A123934,34312.8
4A123993,15245.52
5A124143,22651.0
3A124218,15317.46
7A124352,6254.0
5A124416,34546.9
5A124553,30563.0
0A124606,27588.0
8A124721,18318.56
7A124736,30991.78
3A124815,16152.53
4A124877,4695.38
8A125007,71062.8
0A125016,30757.48
8A125077,34302.34
0A125142,8522.25
4A125239,13989.13
2A125243,19448.43
0A125327,15090.44
8A125338,18862.57
3A125474,5343.73
3A125491,5335.5
8A125505,13984.59
4A125581,24908.3
3A125738,27587.78
2A125783,5387.65
1A125837,46521.08
8A125854,165229.83
1A125890,1694.86
5A126012,22986.18
3A126397,14779.85
1A126490,18936.99
5A126557,2494.61
6A126709,14101.73
2A126728,4557.47
6A126758,3205.64
1A127012,14985.32
2A127086,13140.53
1A127184,16381.05
7A127391,15274.14
3A127449,20980.08
1A127468,69216.92
1A127553,19536.89
2A127605,8160.25
3A127614,10103.78
2A127670,18126.84
1A127718,8129.63
3A127827,40295.17
3A127891,15006.13
7A127924,11353.93
3A127959,7631.54
4A128098,4456.06
0A128528,3400.36
2A128610,5613.73
2A128695,10916.77
8A128734,17227.68
9A128770,3476.76
1A129222,37194.63
7A129360,11263.87
1A129387,28738.07
6A129566,13902.72
6A129599,18816.8
6A129749,17900.2
0A129769,13935.91
8A129873,7604.29
6A129877,24661.8
8A129945,17265.39
5A130033,15282.04
3A130086,28370.77
0A130088,28233.85
3A130121,11479.16
3A130153,42270.56
6A130308,10601.93
5A130420,24687.62
5A130515,37369.67
5A130675,77478.6
7A130697,39320.79
7A130967,19629.3
1A131107,16862.16
1A131136,11280.28
9A131200,12258.69
5A131236,23147.86
8A131276,18228.82
9A131323,5570.34
4A131391,14202.69
5A131448,17058.74
3A131467,20889.53
3A131542,33293.36
5A131646,54306.78
1A131688,1824.29
8A131854,13466.05
5A131876,81445.54
3A131917,19719.64
5A131937,3465.91
6A132023,27169.49
7A132124,32905.26
5A132160,15868.63
3A132223,7064.49
7A132244,51955.32
3A132401,11322.52
4A132430,4704.73
1A132454,23912.92
6A132578,18153.62
8A132935,36800.35
6A133058,20516.08
5A133169,19110.9
8A133217,21331.12
1A133337,5354.74
5A133454,10036.99
8A133513,3391.1
7A133581,17023.55
4A133696,28216.66
2A133722,18263.32
1A133755,12875.77
8A133767,28426.31
3A133895,13227.35
7A134110,22652.98
8A134112,14219.88
8A134117,10976.0
6A134258,33983.26
7A134286,5078.67
9A134305,16658.44
6A134377,17638.39
7A134407,20846.38
1A134473,61195.96
0A134562,21646.61
7A134567,7976.61
7A134704,54107.66
1A134741,25959.7
3A134832,22394.12
8A134885,14163.76
8A135055,36191.12
2A135114,9998.86
4A135146,29214.28
3A135193,11376.03
7A135339,39127.5
5A135418,14914.53
7A135702,33237.2
6A135741,5625.42
5A135782,12522.03
3A135846,18175.52
2A135853,45836.42
4A136155,30744.19
1A136269,15975.56
7A136287,40970.63
4A136333,17008.98
4A136397,11097.48
8A136409,26604.14
8A136456,28877.46
1A136630,15532.97
7A136650,23233.33
5A136922,9365.8
4A136980,22754.14
2A137164,35633.33
7A137257,10846.66
1A137333,15045.72
3A137401,15731.07
6A137607,19197.43
8A137983,5011.5
6A137989,24721.32
5A138062,69021.16
8A138332,11796.6
4A138344,30181.44
5A138486,23282.21
1A138641,13669.53
1A138667,18684.38
1A139012,11940.9
8A139611,8014.5
8A139616,24871.77
7A139696,11654.18
1A139710,12006.92
7A139830,16101.89
6A139905,7927.62
2A139938,14726.23
8A140030,157506.88
2A140189,4156.96
8A140190,10410.73
6A140343,12974.9
6A140483,16458.16
5A140532,24372.18
3A140606,11289.03
9A140668,2774.63
3A140823,19411.27
8A140953,37349.34
1A141046,5267.89
4A141470,3206.57
5A141540,26042.54
4A141604,67444.1
5A141704,29487.6
5A141748,15792.46
8A141761,20399.21
5A141937,11175.72
1A142085,30020.07
3A142152,18812.95
6A142180,11850.6
6A142289,35441.56
8A142417,3292.92
4A142689,5591.34
3A142764,5567.26
7A142775,7333.7
7A142814,4956.16
8A142856,20185.62
6A142859,9618.02
2A142862,45873.34
9A142900,5712.08
6A142916,47311.46
5A142922,9746.91
1A143019,15251.78
7A143323,4285.95
7A143428,9643.43
7A143551,14340.16
8A143645,66489.4
7A143675,10827.65
4A143738,29485.55
1A143761,10939.71
2A143947,14796.66
0A144036,17610.4
0A144121,39204.26
2A144364,35794.33
3A144411,22149.02
1A144495,10143.36
6A144566,14994.16
8A144733,19380.61
9A144734,24474.52
1A144865,17639.52
3A144910,8841.9
5A144940,9089.52
3A145204,14831.27
1A145316,13956.12
4A145379,15093.4
7A145508,3153.12
2A145514,10408.92
5A145695,11205.52
3A145702,23649.7
1A145785,43894.38
8A145790,5550.85
1A145851,1762.03
7A145857,10147.31
4A145986,15557.55
6A146059,6770.2
4A146191,12832.9
3A146208,28490.84
1A146306,18157.85
5A146309,26228.54
0A146326,15027.74
8A146327,65891.01
8A146388,18115.53
3A146473,15094.56
9A146522,30767.07
7A146646,10293.1
2A146720,16854.01
5A146793,52853.29
5A146941,22017.9
4A147040,30480.49
7A147068,20641.16
6A147169,31749.75
3A147241,42441.18
1A147290,12445.61
1A147572,18808.75
3A147624,18159.61
0A147835,10459.03
3A148000,12771.72
5A148118,31883.53
2A148176,49877.94
3A148283,2521.89
9A148284,21349.2
6A148295,13392.97
7A148428,77525.7
2A148469,11062.54
1A148489,222983.88
8A148602,1929.79
6A148969,16227.52
4A149066,7562.65
1A149181,19409.59
1A149239,7943.2
3A149392,19798.4
3A149484,5421.92
7A149571,11733.96
8A149691,9648.4
4A149790,10417.53
8A150080,19766.18
4A150084,8972.54
1A150168,22637.14
6A150262,26578.32
1A150415,6688.54
1A150450,13692.63
6A150565,11046.8
7A150612,14713.4
7A150806,17772.25
2A150845,8005.86
8A150853,18259.91
2A150866,10016.99
1A150895,4629.29
8A150985,6911.33
2A151065,16157.08
6A151169,4884.23
7A151186,15809.71
2A151297,23641.37
7A151371,19879.17
2A151405,18140.28
5A151427,9160.71
1A151585,23718.31
2A151841,3456.62
7A151911,14263.56
9A152351,4923.91
5A152367,2787.39
7A152574,14073.2
4A152581,5098.6
2A152706,9809.14
5A152783,19461.02
4A152867,23690.6
8A153144,5027.34
8A153282,10783.78
6A153310,16149.35
3A153445,20156.94
3A153629,99428.16
7A153654,16022.52
2A153779,7712.89
5A153813,1962.76
5A153857,28045.23
8A153900,32799.23
6A153949,19940.79
6A154087,11407.08
4A154252,5858.93
7A154256,56495.84
7A154339,100777.73
5A154345,14191.78
3A154413,50011.63
8A154417,25140.12
2A154430,18650.09
1A154542,9696.58
2A154704,17597.43
8A154761,14265.37
7A154959,54782.88
2A155037,27672.2
2A155134,20046.36
7A155159,9075.07
2A155184,33787.74
2A155204,27261.56
5A155215,31513.74
6A155287,13495.37
5A155474,10742.33
3A155477,14500.58
1A155512,13149.8
3A155634,7079.12
7A155738,10483.61
5A155853,21741.39
6A156043,11480.4
7A156239,25176.61
3A156398,10598.12
2A156466,50559.14
2A156479,10996.29
5A156712,13538.63
1A156808,13065.81
4A156950,11011.52
6A157052,11487.12
4A157053,108717.77
5A157066,7332.28
6A157074,28857.07
7A157103,5252.76
4A157116,20522.01
9A157197,26720.7
6A157201,15356.98
7A157218,23380.47
1A157294,17009.03
3A157469,15037.05
5A157470,5862.54
2A157850,5899.12
3A157964,44638.78
3A158091,15309.6
6A158093,20791.6
9A158131,9164.91
5A158189,7051.75
5A158300,25049.65
3A158417,10184.68
2A158453,31500.57
5A158478,14730.26
1A158525,3413.95
6A158553,18469.11
8A158864,144140.3
5A158949,7329.5
5A158980,1961.24
8A159136,21467.72
1A159367,24620.2
3A159382,8532.16
8A159584,17690.79
8A159623,2966.06
5A159633,131788.84
8A159679,14126.86
1A160019,21808.6
4A160025,15603.62
6A160146,17059.53
4A160177,62514.7
7A160344,18485.13
7A160359,10477.76
8A160416,20797.34
7A160425,40274.9
4A160441,22760.87
2A160542,10360.25
4A160546,39532.64
3A160595,9238.38
4A160795,11682.64
7A160859,18620.62
3A160872,15649.94
2A161011,26066.54
3A161053,18927.23
4A161076,30653.5
8A161113,5127.59
4A161136,19082.1
6A161170,13833.0
7A161246,15212.77
2A161263,12037.59
7A161390,36454.05
1A161481,9949.1
2A161571,19670.1
1A161611,11562.75
8A161713,19310.41
6A161734,32599.52
6A161755,6447.56
4A161815,73869.15
1A161816,15512.13
8A161877,7244.43
7A162065,5782.25
7A162077,21085.95
1A162180,19649.56
8A162479,12757.16
5A162594,28067.85
7A162648,11664.38
8A162836,30764.91
2A162929,19412.86
1A163198,11894.14
3A163254,8515.91
2A163288,8625.04
0A163386,12448.96
1A163496,20111.42
3A163608,28251.92
4A163750,23545.0
7A163774,35443.9
8A163781,10646.16
8A163843,77244.46
6A163933,19505.98
7A164340,19440.08
5A164487,8456.03
8A164543,17609.4
8A164552,12873.54
0A164726,83445.62
7A164844,14948.75
1A164869,8037.07
7A164905,7181.31
0A165023,33540.36
8A165058,8982.9
5A165061,3168.73
7A165138,21603.39
6A165366,32771.54
3A165396,46502.24
5A165416,19558.65
5A165707,6590.5
0A165711,13460.6
0A165724,4386.66
2A165930,1892.82
6A165978,9822.68
1A166263,11076.78
1A166411,4278.92
2A166452,13348.12
2A166476,150147.02
8A166540,7403.0
7A166598,9550.01
5A166622,7730.66
5A166798,8615.01
0A166920,16309.06
2A166973,14606.3
6A167104,7408.21
4A167431,7177.38
7A167470,5943.19
4A167526,4339.12
2A167548,13064.61
1A167553,6555.24
4A167653,11432.43
5A167904,14606.35
4A168104,13203.03
7A168151,14159.29
7A168213,5191.68
1A168233,22100.5
2A168304,67609.92
5A168370,16061.19
5A168420,7632.8
9A168432,5401.79
6A168529,24103.35
6A168579,7279.13
5A168785,4475.85
7A168813,50851.91
5A169007,13982.13
6A169104,10616.21
6A169140,14491.21
2A169290,20353.46
8A169302,33675.49
4A169438,11022.05
3A169543,16882.35
2A169547,24476.76
7A169719,17722.84
6A169957,7588.69
7A170051,10685.63
0A170059,4351.97
7A170082,8649.53
8A170087,21117.02
2A170162,3650.43
8A170174,26265.57
2A170352,19344.22
8A170496,2035.91
6A170506,155569.75
3A170529,15127.81
2A170688,5808.61
6A170884,31464.65
3A170956,18336.89
8A170978,13869.19
1A171267,25344.4
5A171310,24980.89
4A171326,5605.57
3A171336,16435.95
3A171396,37392.76
7A171398,3390.6
7A171458,40151.29
7A171718,5389.54
8A171753,29386.94
4A171780,5334.49
7A171898,37688.1
8A172058,34778.95
3A172443,20263.75
6A172782,6025.66
6A172960,11224.24
1A173363,24732.1
5A173528,29053.1
8A173530,15591.24
2A173703,14507.22
4A173776,10821.91
5A173811,63136.78
7A173953,12350.14
7A174075,8679.55
7A174112,5913.66
8A174175,5211.16
5A174643,16106.6
3A174673,27386.64
6A174767,13677.8
6A174772,22226.57
8A174861,22880.22
6A174896,13396.01
3A174935,9111.61
6A175031,7677.28
5A175105,9299.37
7A175129,4042.42
3A175162,28796.0
8A175287,32665.95
4A175331,10257.77
4A175491,4561.8
1A175663,13064.13
7A175686,25041.41
3A175757,12108.81
7A175825,30187.4
6A175836,8475.66
8A175873,12759.62
2A175912,3861.27
1A175915,38814.29
8A176039,19408.87
1A176146,23823.12
6A176283,15935.28
3A176289,5691.85
6A176304,36953.83
7A176323,22686.88
7A176325,19556.38
1A176514,29928.08
8A176673,7706.6
4A176747,11022.96
1A176823,8602.72
3A176836,11904.21
3A177068,9773.78
8A177085,10493.83
8A177175,4834.43
9A177192,23651.92
3A177233,20366.79
7A177281,24117.01
1A177287,23861.55
2A177398,43403.32
8A177440,3019.38
7A177504,10422.42
3A177513,9896.72
6A177539,17398.16
2A177577,20883.36
7A177939,13672.72
1A178059,20592.01
6A178157,8682.39
6A178181,10380.89
7A178184,13108.31
3A178544,15597.22
4A178560,9859.03
6A178571,4990.12
4A178816,19398.1
1A178855,86749.05
5A178918,25829.92
7A179033,17960.02
6A179079,9995.74
5A179118,38482.88
7A179133,11185.85
1A179153,17515.93
1A179281,9324.89
2A179306,5649.69
8A179350,8971.75
5A179406,95679.49
8A179428,11902.0
7A179532,8667.62
2A179600,23046.6
5A179638,10428.54
4A179650,13151.87
8A179843,71627.51
0A179845,21332.7
6A180010,40836.44
3A180068,15189.25
8A180114,2999.03
3A180215,20125.7
1A180284,39576.54
6A180416,8829.59
3A180518,18143.83
8A180597,7918.08
8A180615,29815.98
4A180706,10385.76
7A180715,2331.57
6A180812,36363.31
1A180912,50838.88
4A180943,20307.39
7A181061,10449.04
5A181099,26429.82
6A181215,11864.87
5A181295,11889.64
6A181382,16185.1
7A181741,4690.57
4A181794,3547.44
7A181855,17180.88
6A181924,7869.58
5A182099,1960.05
6A182139,12223.49
6A182227,20056.35
7A182240,12369.0
6A182244,22312.87
5A182258,30467.21
8A182316,8337.01
7A182675,12606.61
2A182677,4994.88
9A182831,12521.32
6A182863,29164.31
2A182872,5676.27
8A183189,18091.1
7A183268,32857.44
6A183271,11428.57
5A183707,23098.22
1A183953,12438.79
4A184070,6336.53
1A184312,15575.46
7A184631,4475.71
3A184729,7471.88
3A184752,21167.94
4A184768,39647.72
2A184785,40697.09
5A185000,9012.16
8A185187,30533.72
7A185312,4968.24
1A185323,21992.89
5A185331,10148.5
8A185344,24510.33
3A185521,2694.15
5A185604,13302.94
8A185667,42532.73
8A185704,4049.29
4A185751,22515.11
8A185963,9269.35
3A185979,8386.47
4A186179,16414.76
2A186308,17587.29
2A186393,15697.81
1A186593,28938.54
3A186700,10990.24
1A186883,34103.5
3A186959,14242.91
4A186966,38211.6
5A187311,28680.5
4A187434,3765.26
4A187508,16773.4
6A187527,25107.26
8A187626,8758.86
6A187627,105750.27
6A187658,16810.76
4A187726,18932.89
2A188016,5812.78
0A188019,18239.73
1A188058,39959.63
8A188081,6272.9
0A188089,6887.13
1A188148,22175.02
8A188190,10412.63
3A188335,6139.31
3A188506,22885.53
7A188520,14529.0
4A188526,53253.65
8A188614,9215.8
5A188693,6439.92
2A188817,6436.37
9A188842,12880.34
2A188870,10668.42
5A188951,19768.27
8A188979,19844.54
4A189021,5007.1
2A189127,11719.48
1A189269,26823.04
6A189370,14623.73
7A189445,5816.34
1A189666,3401.41
1A189682,2310.64
5A189772,21554.85
1A189791,17931.26
8A189922,12363.51
2A189933,19519.56
1A189956,63793.31
7A189994,14027.11
2A190159,26532.83
3A190201,16666.4
3A190845,40520.75
9A190908,10625.26
7A191017,3636.35
3A191157,14842.94
3A191258,17691.44
8A191310,9759.28
2A191439,13406.37
7A191443,31248.76
9A191490,10451.85
5A191595,10167.59
6A191619,41738.23
8A192072,43296.04
4A192494,12395.22
8A192519,21508.99
4A192593,6202.66
4A192727,15721.42
1A192757,11801.75
7A192763,13531.82
3A192793,67364.46
5A192866,7167.59
1A193082,19001.08
8A193171,9281.1
4A193256,11104.86
3A193311,8193.58
5A193387,3469.16
4A193498,2860.6
6A193520,10777.99
7A193573,23352.34
8A193583,69012.7
6A193655,25411.53
7A193876,5709.69
8A193888,10305.21
6A193923,6382.83
3A193927,29337.56
4A193970,10091.16
8A194190,14201.01
5A194233,20012.74
1A194275,23608.69
4A194649,18248.14
8A194714,43253.12
6A194798,10443.41
4A195072,12205.89
6A195200,11336.57
3A195301,11079.89
6A195408,146135.53
1A195414,6127.38
6A195544,17045.42
8A195549,10896.83
3A195673,43141.68
7A195677,11283.39
2A195817,44446.64
7A195842,24566.54
4A195869,10274.6
3A195884,6572.12
6A195902,6184.23
2A196012,12796.0
4A196058,19212.83
1A196212,7050.51
4A196430,6865.33
8A196597,18040.3
4A196611,46168.02
3A196676,12691.32
8A196768,21438.81
6A196832,218437.84
4A197053,3976.84
1A197155,35685.24
4A197230,7505.18
6A197353,22874.34
3A197400,19021.43
2A197460,31771.93
5A197526,8232.01
6A197549,13030.53
4A197574,23055.78
6A197576,22325.65
2A197654,13637.63
1A197717,41100.45
6A197729,28404.74
5A197806,21043.9
7A198022,16234.24
1A198100,11386.23
2A198407,15576.56
9A198570,4351.23
4A198627,10938.8
4A198685,22169.95
5A198742,18369.44
6A198759,11652.2
1A198790,41452.5
2A198902,27678.98
5A198936,44938.06
4A199072,9317.59
5A199194,2509.05
3A199312,18926.37
6A199338,13966.56
5A199462,10271.09
1A199543,29528.18
6A199555,14561.23
8A199650,11456.87
6A199661,10203.29
9A199764,4434.16
7A199903,20811.13
1A199916,7727.55
5A199932,46041.17
2A200072,50892.05
1A200123,55361.95
2A200226,13132.8
2A200227,17964.16
4A200228,12823.08
4A200347,4789.38
2A200440,23339.95
8A200521,13343.68
8A200759,14471.14
5A200790,60403.28
4A200838,28766.9
5A200868,18904.49
4A201118,8831.8
3A201508,7059.79
4A202174,12500.72
1A202199,58109.04
0A202226,15613.5
7A202293,6752.52
4A202310,34962.92
2A202348,9944.37
9A202361,40573.46
8A202464,79903.21
6A202616,33820.41
8A202650,36210.39
3A202672,38488.55
1A202694,7678.66
4A202709,13807.5
7A202913,12578.75
4A202963,18180.29
4A203032,7715.24
5A203098,20900.42
8A203178,8446.64
6A203570,22143.17
1A203790,53210.78
5A203809,2955.74
6A203852,2404.71
1A203902,25595.45
8A203920,13506.1
6A203997,48567.82
8A204081,10703.09
3A204192,26680.74
1A204251,12573.84
1A204261,12328.53
7A204316,9937.75
0A204354,18583.6
3A204383,7914.92
1A204415,2608.55
6A204520,2934.2
6A204583,16720.14
5A204610,29826.58
3A204654,29038.69
3A204706,12821.42
2A204939,7889.57
7A205040,3227.09
7A205120,26189.98
5A205307,18060.82
6A205328,7021.43
8A205347,10964.93
3A205380,6215.66
7A205393,3906.66
0A205597,20454.89
5A205625,13231.64
5A205636,16424.96
5A205775,11590.42
6A205914,4193.96
3A205919,35473.69
8A206239,30980.45
2A206441,4735.31
6A206563,8114.37
8A206688,9752.4
6A206757,14664.8
4A207021,44873.78
3A207122,15484.68
2A207124,34479.78
5A207225,8453.12
7A207608,4209.43
7A207686,26593.08
5A207735,11921.3
4A207757,11056.24
4A207811,26270.86
9A207873,29184.96
9A207903,10200.14
6A208081,49018.22
3A208098,30187.13
3A208110,30621.36
4A208205,8376.22
0A208333,12429.03
3A208347,10026.54
3A208380,9261.46
7A208485,4636.22
7A208500,6731.96
7A208525,8996.52
4A208552,7418.16
2A208566,28530.97
3A208578,12891.85
5A208705,17173.31
0A208719,43307.82
4A208759,7788.23
5A208828,20601.3
8A209172,20545.22
4A209316,227720.98
7A209330,9044.54
1A209695,21176.32
8A209720,13223.14
8A209744,6763.7
1A209763,63026.64
2A209783,29238.88
8A209830,20544.75
3A209957,20962.43
7A209973,10225.93
1A210028,14440.89
5A210078,2165.36
4A210317,34834.13
6A210576,160515.7
3A210715,18466.8
5A210956,21979.27
4A211091,11484.68
5A211095,13917.86
2A211194,23241.2
2A211254,20478.08
5A211457,18458.57
6A211593,20712.03
3A211610,29219.81
4A211689,14195.5
6A211733,18582.56
6A211749,19883.84
8A211757,92851.25
7A211847,13910.47
3A211872,21275.14
4A212209,16894.32
5A212399,28374.06
3A212476,13585.25
8A212582,42383.43
8A212825,23089.21
7A212948,2019.84
2A213049,35215.15
2A213090,11830.64
6A213180,8297.36
5A213418,4824.95
1A213491,121883.35
9A213511,11246.26
2A213770,16952.36
5A213935,30775.7
8A213969,5278.16
2A214036,21666.76
3A214118,9652.21
3A214136,6512.11
5A214177,12923.21
1A214293,23127.73
6A214363,10190.54
0A214455,19762.57
5A214795,17836.51
6A215028,22498.17
4A215052,11501.21
7A215211,19934.61
2A215237,23117.52
5A215315,24086.1
7A215457,6505.41
4A215530,15977.14
4A215577,41540.86
1A215767,2423.33
6A215887,20625.76
5A216031,8452.55
7A216205,19993.71
4A216434,10790.0
2A216478,39148.52
5A216582,8326.73
1A216692,4354.38
1A216707,53397.87
4A216735,8020.1
8A216810,2130.7
1A216894,18535.61
0A216927,14610.17
1A216966,5875.06
3A216967,14193.69
2A217131,11225.03
7A217151,18005.44
2A217467,12258.58
7A217488,25284.05
8A217562,11223.49
1A217588,16681.67
5A217652,15380.78
1A217664,17342.18
5A217772,12654.25
1A217789,27981.98
5A217796,3218.72
3A217851,146675.97
3A217934,24240.79
7A218177,20333.56
8A218245,15713.72
1A218328,11458.85
7A218426,12117.34
3A218451,16660.54
7A218517,40276.88
7A218608,11746.18
8A218716,20095.75
1A218823,45169.82
8A218952,4444.55
1A219099,15977.12
7A219161,45014.56
9A219242,6063.41
4A219286,10732.5
2A219500,23014.35
5A219560,35258.88
2A220231,9187.89
2A220286,106414.49
6A220348,13063.69
3A220378,18874.84
8A220687,20299.64
4A220753,5246.7
4A220770,5639.16
7A220807,12142.52
1A220881,29509.12
6A220900,32094.86
1A221323,46226.49
8A221325,53580.24
4A221372,8997.69
3A221397,19724.06
8A221466,18172.06
5A221505,3382.88
4A221621,3350.08
4A221646,18861.47
4A221750,246754.44
8A221907,9111.96
8A221960,21386.96
4A221971,48639.54
5A221980,20255.76
5A222264,11583.98
1A222454,87270.74
5A222550,14198.43
3A222645,13228.85
5A222811,14922.77
4A222879,27445.47
7A223036,13396.15
0A223064,10178.81
8A223104,9734.97
2A223192,42706.6
6A223221,14128.32
4A223320,17069.04
8A223343,74073.61
8A223470,19662.77
2A223543,24229.55
4A223643,20544.31
3A223704,10959.5
3A223743,51475.19
8A223819,8595.29
6A223905,16712.8
6A223911,16421.18
5A224014,11360.07
3A224198,5241.06
2A224301,6636.58
6A224331,5676.84
6A224334,15534.47
2A224388,24640.4
4A224512,26937.82
3A224806,20475.82
5A224868,27644.19
2A225158,21014.18
5A225230,33142.04
4A225255,18122.24
8A225341,22636.94
1A225386,9234.45
7A225391,3522.48
5A225492,13366.11
9A225506,20150.28
4A225563,6600.55
3A225659,21274.24
6A225665,7265.8
5A225679,14221.6
6A225783,13881.84
6A225794,22048.52
7A225920,6210.91
8A226112,33126.54
8A226196,4472.4
2A226203,26133.5
7A226282,4913.52
3A226365,10845.16
4A226375,16538.48
8A226499,17060.6
8A226671,8156.87
6A226716,16181.21
0A226863,10475.19
8A226990,16932.52
3A227069,6634.56
2A227171,7088.74
1A227314,40438.78
5A227345,16207.3
2A227356,5529.43
2A227372,25186.35
8A227400,15004.45
4A227669,11764.06
9A227697,21847.98
5A227709,10272.6
8A227730,2869.7
1A227946,5419.79
7A228032,11740.22
6A228057,13878.12
5A228072,4976.71
6A228156,3849.1
3A228234,14885.29
1A228340,5994.69
3A228366,3097.39
2A228406,9514.68
1A228447,7834.08
7A228459,7818.21
4A228676,16205.21
3A228700,31888.6
1A228788,23850.54
7A228799,15186.79
8A228826,9722.42
6A228846,13541.36
5A228856,2322.79
3A228919,5762.48
8A229102,23340.04
8A229245,12753.15
6A229306,3929.1
1A229361,15274.59
5A229473,7598.06
7A229530,26330.58
7A229750,21295.82
5A229770,18038.56
5A229783,23127.5
3A229843,12767.31
2A229937,1770.29
3A230062,24818.5
6A230327,28663.02
8A230473,1912.57
5A230562,18957.41
1A230575,14822.86
4A230785,25665.35
5A230797,33735.76
0A230824,13864.58
4A230895,4794.46
0A230909,4311.92
4A231109,24776.46
6A231212,10539.87
5A231305,7299.37
0A231322,4593.81
6A231362,28565.78
3A231465,14826.94
2A231549,5132.73
1A231569,43253.3
1A231682,8958.9
8A231715,40460.16
1A231717,6296.68
9A231807,15386.65
2A232007,7195.08
2A232023,24158.38
3A232144,38111.39
1A232146,20089.28
3A232150,9974.26
6A232236,34464.5
7A232263,10618.62
2A232316,15271.26
1A232318,9054.15
8A232565,11339.82
9A232578,13146.17
2A232667,34034.22
5A232681,7743.32
3A232747,22471.71
4A232807,20693.91
2A232825,37623.19
1A232859,11300.52
3A232904,12039.1
1A232947,32139.93
4A233016,9365.64
1A233476,16502.94
7A233523,12965.97
7A233583,16536.4
8A233614,23094.36
2A233667,12321.29
2A233688,10304.38
7A233972,12134.29
5A234136,10210.94
2A234171,12544.44
1A234363,13531.69
8A234379,23081.28
8A234549,13139.04
4A234606,27628.88
2A234653,4705.37
2A234756,3304.6
1A235030,12177.39
5A235196,39345.62
6A235200,18904.14
1A235243,19810.43
4A235310,20997.65
8A235523,17299.35
5A235531,3712.81
6A235534,63151.15
8A235894,14274.8
3A235933,13787.89
7A236236,20315.09
1A236402,19607.29
6A236470,9550.27
5A236549,10668.37
6A236685,18036.25
2A236896,17677.7
5A236901,8026.23
5A236943,6768.01
8A236955,25108.08
8A237016,40155.05
2A237039,12271.32
9A237275,9533.39
7A237334,4207.33
9A237461,7595.15
7A237524,11617.86
2A237611,15009.48
5A237650,9528.84
2A237703,31600.98
7A237717,11065.62
2A237853,18115.18
2A238000,16643.7
4A238038,12464.26
7A238067,2186.05
0A238300,15966.54
6A238313,18915.13
8A238368,17195.78
4A238370,31137.23
7A238424,14123.89
6A238509,33297.88
5A238725,16781.28
8A238761,20328.57
7A238779,23255.85
4A238786,21702.78
5A238796,7913.85
3A238799,17968.06
6A238850,21569.6
9A238904,12069.04
4A238914,30807.42
3A238935,30013.58
6A238943,19013.7
4A238955,22122.38
2A238983,15853.59
4A239302,17673.02
3A239582,1814.08
3A239971,12514.12
2A240098,5728.54
6A240303,11744.1
7A240546,18603.53
7A240583,24896.59
4A240728,20384.53
6A241132,56614.02
6A241135,56047.42
5A241245,13597.84
5A241249,19589.8
7A241296,11919.79
2A241451,12107.23
6A241477,13741.28
9A241488,29749.19
5A241518,16822.7
4A241529,30517.74
5A241575,67054.04
1A241667,21259.37
6A241698,4234.71
8A241773,12933.58
4A241856,25460.96
8A241919,6584.55
2A241967,21271.48
0A242020,9611.06
8A242079,10597.1
4A242306,9120.67
3A242384,13117.84
5A242452,12202.34
8A242553,16534.53
2A242674,28295.04
2A242683,16434.37
8A242855,20511.48
7A242995,13866.9
8A243152,20888.22
7A243189,24335.53
8A243196,17461.79
2A243225,9063.77
6A243322,19743.68
5A243358,12942.63
4A243640,17239.36
5A243693,27748.65
2A244086,60294.49
6A244336,6122.36
2A244437,13221.95
6A244561,40375.47
2A244641,6771.5
1A244650,6886.75
9A244666,5259.69
3A244832,8579.27
4A244882,3097.65
8A244978,9340.06
1A245060,5251.15
6A245170,44774.13
2A245274,9473.33
6A245386,55167.14
7A245516,14597.62
2A245533,9928.52
8A245565,14280.16
7A245582,233864.5
4A245788,27054.82
1A245833,12864.46
2A245879,10174.71
5A245950,19969.93
7A245969,81809.22
5A245979,20684.35
7A246058,6893.91
1A246257,30458.06
9A246531,8345.56
1A246681,38405.32
6A246729,18732.87
1A246807,49524.39
6A246854,19398.71
6A247267,7391.24
2A247453,14675.83
3A247463,3962.12
3A247688,4490.71
3A247697,9319.16
4A247753,10769.3
1A247820,18853.6
8A247832,21649.73
3A247865,13039.26
2A247911,6880.06
8A247996,25630.7
8A248095,5591.84
1A248122,23158.46
5A248139,13251.35
7A248243,71288.2
7A248344,3719.66
3A248596,67284.48
8A248859,17157.51
2A248939,50523.94
5A248942,130611.23
2A248970,14725.27
3A248987,33989.36
8A249104,25791.75
1A249174,6104.02
1A249255,38101.54
8A249322,12031.47
7A249329,25655.67
4A249342,9950.55
4A249442,28441.81
3A249510,7679.19
6A249645,16029.35
1A249679,8688.87
8A249755,18139.28
3A249812,20423.27
