BusinessID,premium_charged,ClaimAmount,awarded
00003A17,25364.62,0.0,0
00003A35,30075.18,6165.141234,0
0006A149,9047.93,0.0,1
0000A221,6638.51,0.0,0
0001A225,6772.38,0.0,0
0006A238,15102.04,0.0,0
0005A383,7364.29,23379.369722,0
0005A594,14651.27,0.0,0
0005A842,5486.4,0.0,0
0004A920,10323.48,0.0,0
0004A922,6548.48,0.0,0
0002A923,17932.45,501178.1824,0
001A1037,25399.14,0.0,0
007A1121,6337.46,0.0,0
006A1175,5296.14,13240.93048,0
006A1236,6302.71,0.0,1
005A1491,30712.8,29557.26528,0
004A1558,29218.3,0.0,0
006A1667,11785.51,0.0,0
004A1728,11532.56,0.0,0
003A2016,5763.72,0.0,0
004A2103,27366.23,0.0,0
001A2285,11945.02,0.0,0
004A2306,12640.79,0.0,0
003A2352,6227.43,0.0,0
008A2402,14000.14,0.0,0
005A2531,5395.85,0.0,0
002A2838,6627.61,52804.1727,0
007A2846,15989.87,0.0,0
004A3071,11396.04,0.0,0
006A3101,9781.91,0.0,0
003A3255,17217.04,0.0,0
007A3266,7284.03,0.0,0
008A3268,6158.37,0.0,0
003A3327,17908.02,0.0,0
005A3329,8471.78,0.0,0
005A3332,5408.54,0.0,0
006A3371,27975.64,0.0,0
007A3429,910110.6,0.0,0
002A3457,21363.26,0.0,0
007A3633,5220.28,0.0,0
001A3951,10260.43,0.0,0
005A4027,5436.76,0.0,0
008A4028,5840.97,0.0,0
005A4123,6346.21,0.0,0
000A4136,7465.54,0.0,0
005A4164,7382.36,140520.9221,0
003A4223,15528.03,0.0,0
005A4241,8553.25,0.0,0
004A4353,9829.41,0.0,0
002A4379,6020.93,0.0,0
004A4389,37472.74,0.0,0
002A4434,364819.8,0.0,0
007A4437,33376.5,0.0,0
007A4742,7413.2,0.0,0
004A4821,7717.81,0.0,0
003A4928,6876.6,0.0,0
008A4944,26478.02,0.0,0
007A5076,5721.64,0.0,1
001A5197,11412.68,0.0,1
006A5235,18376.51,0.0,0
002A5398,16175.05,0.0,0
003A5675,6211.06,0.0,0
003A5676,9181.04,0.0,0
003A5736,5559.52,0.0,0
002A5901,10096.62,0.0,0
005A5953,13675.08,0.0,0
005A5970,8122.4,0.0,0
006A6056,8764.31,0.0,0
008A6209,11921.48,0.0,0
003A6333,16211.4,0.0,0
006A6492,6105.41,0.0,0
008A6587,5468.91,0.0,0
004A6708,7535.64,0.0,0
007A7016,5507.15,91086.63142,0
001A7093,8970.6,0.0,0
001A7266,14623.5,47274.48982,0
003A7273,8291.72,0.0,0
002A7322,33370.64,0.0,0
002A7324,10413.29,9653.946756,0
001A7334,17094.9,12825.03427,0
007A7348,13091.37,0.0,0
002A7387,12399.42,0.0,0
003A7556,11642.6,0.0,0
004A7570,11563.3,0.0,0
008A7589,8861.2,0.0,0
004A7594,8663.01,39148.45182,0
003A7799,13412.69,0.0,0
007A7844,8875.55,0.0,0
007A7962,7620.27,0.0,1
002A8043,6144.03,0.0,0
006A8068,13423.09,0.0,0
009A8081,8216.23,0.0,0
002A8580,511459.25,0.0,0
005A8592,10468.8,0.0,0
009A8626,6288.07,0.0,0
008A8641,17120.87,32430.75073,0
001A8662,17026.9,51676.45511,0
006A8740,5618.83,0.0,0
002A8812,42317.4,154100.9597,0
003A8888,26124.76,0.0,0
002A8920,6393.61,0.0,0
001A8934,5407.68,0.0,1
008A8998,27977.95,0.0,0
007A9002,5658.52,66832.92134,0
004A9083,6808.36,0.0,0
008A9139,7746.36,0.0,0
001A9181,19983.68,0.0,0
006A9182,14015.42,0.0,0
005A9727,9904.4,0.0,0
009A9836,5479374.5,0.0,0
003A9864,7888.26,47205.02729,0
03A10031,9572.91,19608.56956,0
02A10059,13989.13,0.0,0
01A10137,10302.53,0.0,0
08A10268,10418.18,0.0,0
07A10341,6087.85,0.0,0
03A10397,41318.0,0.0,0
05A10446,5607.88,0.0,0
07A10697,42134.53,0.0,0
07A10735,17466.56,0.0,0
02A10776,10876.41,0.0,0
07A10824,5613.28,0.0,1
06A10865,11069.74,0.0,0
08A10899,15497.47,0.0,0
03A10934,23486.5,0.0,0
08A10940,6771.51,0.0,0
08A11036,6460.12,0.0,1
03A11139,6788.37,0.0,0
06A11177,10199.51,0.0,0
02A11252,35908.47,0.0,0
02A11452,16004.65,0.0,0
07A11483,18128.22,0.0,0
03A11515,12981.29,0.0,0
06A11587,7760.89,0.0,0
03A11685,16980.64,25445.29259,0
04A11823,7318.18,0.0,0
04A11889,8304.8,0.0,0
03A11938,13750.44,8702.626358,0
07A11939,6585.1,0.0,0
02A11959,6560.85,0.0,0
06A12218,20859.21,0.0,0
06A12311,6762.37,14156.61696,1
02A12325,6048.99,0.0,0
03A12396,13526.45,22304.26161,0
06A12467,10264.33,0.0,0
07A12480,14296.3,0.0,0
02A12507,14453.79,0.0,0
02A12537,32438.46,0.0,0
02A12546,8281.61,0.0,0
04A12550,7683.25,0.0,0
01A12624,17016.76,0.0,0
04A12655,9917.32,0.0,0
02A12687,5045.94,0.0,0
02A12709,5195.74,0.0,0
06A13011,76817.12,0.0,0
07A13082,55414.79,0.0,0
03A13228,5606.0,0.0,0
01A13259,9772.47,0.0,0
08A13261,8376.76,147608.8717,0
04A13642,5899.24,0.0,0
01A13716,73334.48,0.0,0
06A13900,14789.94,0.0,0
01A14037,11197.58,0.0,0
08A14080,9869.83,0.0,0
07A14098,6134.44,0.0,0
09A14140,20610.49,0.0,0
03A14174,25726.24,0.0,0
02A14210,43835.0,20929.98406,0
04A14341,7555.2,0.0,0
00A14397,31761.7,0.0,0
05A14649,6789.84,0.0,0
06A14730,13233.8,0.0,0
02A14778,9290.12,0.0,0
06A15122,11486.26,0.0,0
07A15206,12825.29,0.0,0
03A15214,12393.02,0.0,0
05A15357,6826.21,0.0,0
03A15534,17180.33,0.0,0
05A15659,10665.88,0.0,0
02A15664,8662.24,0.0,0
04A15860,12017.56,0.0,0
08A15866,5042.27,0.0,0
01A15909,7890.06,0.0,0
02A15912,8579.05,0.0,0
07A15917,12264.04,45843.87202,0
06A15931,6699.85,0.0,0
04A16072,9831.73,42462.1004,0
04A16302,14915.71,0.0,0
04A16412,5176.88,0.0,0
08A16541,6924.14,0.0,0
05A16637,23171.57,15575.71273,0
01A16658,5491.81,0.0,0
05A16679,16363.12,0.0,0
01A16876,5719.87,0.0,0
01A16924,6163.14,0.0,0
01A17277,11474.58,0.0,0
00A17407,5484.47,0.0,0
05A17534,7748.46,0.0,0
03A17574,7311.59,0.0,0
02A17581,6029.99,0.0,0
07A17629,52355.38,0.0,1
06A17660,45721.92,0.0,0
08A17685,10645.62,0.0,0
02A17689,30235.0,0.0,0
08A17778,8886.4,0.0,0
08A17939,10154.46,0.0,0
06A17952,12041.63,0.0,0
07A17954,12063.98,0.0,0
08A18072,9065.88,18508.02074,0
02A18074,20058.61,0.0,0
03A18235,23550.56,16519.49278,0
04A18405,11388.96,0.0,0
08A18555,16312.7,19087.847978,0
08A18582,6755.29,0.0,0
01A18609,34298.47,0.0,0
03A18659,5858.41,0.0,0
01A18688,8091.42,0.0,0
03A18829,5663.54,0.0,0
01A18899,10592.01,18483.25203,0
06A18914,8169.47,0.0,0
06A18940,6901.8,0.0,0
08A19129,12261.63,0.0,0
05A19151,12952.11,0.0,0
02A19184,35985.77,0.0,0
04A19417,11027.44,0.0,0
05A19421,14696.4,0.0,0
04A19458,6299.22,0.0,1
08A19466,5183.99,104432.546,0
08A19602,173551.08,0.0,0
02A19763,7923.56,0.0,0
08A19768,9973.04,0.0,0
05A19815,9407.31,0.0,0
06A19839,21318.62,0.0,0
04A19864,1231524.9,0.0,0
03A19946,1065801.8,0.0,0
04A20059,13309.63,0.0,0
01A20072,10764.08,0.0,0
06A20271,10985.0,0.0,0
06A20296,11186.93,0.0,0
03A20351,5627.4,0.0,0
03A20389,12571.66,0.0,0
05A20424,29286.02,0.0,0
05A20622,18634.09,0.0,0
06A20627,16740.13,0.0,0
01A20865,6080.07,0.0,0
04A20962,29678.18,9179.744771,0
04A21430,9944.0,0.0,0
04A21473,9271.57,0.0,0
08A21570,15046.45,0.0,0
03A21580,6655.76,0.0,0
02A21770,25327.34,0.0,0
01A21981,5422.43,0.0,0
06A22171,20119.98,0.0,0
08A22357,7128.7,0.0,0
02A22471,8546.33,10084.01346,1
05A22485,6704.34,0.0,0
05A22617,10354.41,0.0,0
07A22629,16092.19,0.0,0
07A22803,5500.91,0.0,0
07A22809,86118.1,0.0,0
07A22880,6145.89,0.0,0
07A22924,10168.77,0.0,0
05A23016,5888.0,0.0,0
03A23140,19194.16,12488.72197,0
01A23174,31917.76,10399.13417,0
04A23220,5401.68,0.0,0
06A23304,6568.32,0.0,0
04A23409,5946.68,0.0,0
04A23507,28828.27,0.0,0
04A23539,11576.4,0.0,0
06A23580,15328.11,0.0,0
06A23591,5576.4,0.0,0
08A23881,31305.32,0.0,0
07A23934,20914.14,0.0,0
06A24004,5544.56,0.0,0
08A24043,30581.41,0.0,0
06A24068,6588.95,0.0,0
01A24186,19061.47,0.0,0
03A24188,7590.25,0.0,0
07A24340,16545.2,0.0,0
06A24356,17115.26,0.0,0
03A24438,44306.58,0.0,0
05A24507,6012.26,0.0,0
08A24900,14781.44,0.0,0
00A24980,12294.44,22633.72326,1
04A25176,5862.78,0.0,0
04A25191,8447.99,0.0,0
03A25194,10926.94,9027.025737,0
05A25374,10990.9,0.0,0
06A25405,13167.82,0.0,0
05A25424,35877.26,16662.30538,0
01A25558,5718.65,0.0,0
02A25700,19272.39,0.0,0
07A25804,32668.44,0.0,0
05A26031,23657.82,0.0,0
07A26058,10358.76,0.0,0
05A26298,7272.37,0.0,0
03A26442,35582.76,0.0,0
03A26539,7004.35,0.0,0
04A26542,39890.84,0.0,0
02A26709,5721.03,0.0,0
01A26829,13101.43,0.0,0
07A27129,5822.48,0.0,0
07A27182,11393.58,0.0,0
09A27282,28206.27,0.0,0
01A27339,16535.3,0.0,0
06A27383,23305.11,0.0,0
05A27517,48259.33,0.0,0
04A27708,42632.54,0.0,0
06A27732,11965.59,0.0,0
05A27823,8741.99,17374.3221,0
00A27910,6426.03,0.0,0
07A27937,5425.08,0.0,0
03A27971,5012.23,0.0,0
02A28032,27867.32,0.0,0
01A28171,9924.02,0.0,0
04A28218,5348.73,0.0,0
06A28238,5139.3,0.0,0
08A28323,9879.39,0.0,0
01A28529,865748.75,0.0,0
07A28681,9463.01,0.0,0
03A28715,23399.27,0.0,0
02A28805,6010.31,0.0,0
05A28870,8081.47,64370.27539,0
06A28966,7781.1,0.0,0
04A29119,9533.21,0.0,0
06A29131,15797.07,0.0,0
06A29142,58319.79,0.0,0
05A29203,6795.32,46575.28931,0
06A29238,13414.18,0.0,0
09A29537,28915.89,0.0,0
06A29743,64938.7,19377.81649,0
03A29778,6985.12,0.0,0
07A29834,5806.53,0.0,0
03A29945,11379.18,0.0,0
02A29957,35899.92,0.0,0
04A30340,9379.97,0.0,0
05A30415,7739.57,0.0,0
04A30444,7426.85,0.0,0
07A30458,199259.72,0.0,0
02A30929,5260.38,63241.77022,0
07A30966,9067.97,0.0,0
08A31035,11155.47,14708.27088,0
04A31271,7823.89,0.0,0
08A31304,5507.8,163889.4451,0
08A31405,28427.4,0.0,0
05A31417,5119.85,0.0,0
03A31492,8839.41,0.0,0
01A31502,7137.44,0.0,0
07A31529,383403.72,0.0,0
02A31736,12384.78,0.0,0
08A31753,13388.22,0.0,0
03A31904,9090.92,0.0,0
06A31917,9164.64,0.0,0
03A31939,10130.45,0.0,0
06A31986,15196.86,0.0,0
06A32035,5000.79,0.0,0
08A32265,6532.59,0.0,0
06A32312,23031.62,0.0,0
03A32346,18931.68,0.0,0
01A32485,12658.7,0.0,0
01A32581,44786.38,0.0,0
04A32609,1763282.5,0.0,0
04A32625,5341.55,0.0,0
01A32855,5741.07,0.0,0
04A33196,5745.01,20442.04044,1
08A33254,18926.3,46933.45418,0
01A33273,13263.65,0.0,0
04A33292,13116.43,529021.0452,0
09A33447,5234.23,0.0,0
06A33501,50452.19,0.0,0
06A33506,28841.8,0.0,0
08A33549,7602.22,0.0,1
02A33596,6244.38,0.0,0
02A33634,7912.55,0.0,0
08A33735,10025.33,0.0,0
01A33771,5027.4,0.0,0
03A33776,8220.35,0.0,0
03A33842,6041.14,0.0,0
08A33844,13250.51,0.0,0
08A34050,16165.66,0.0,0
08A34064,16612.69,89080.98015,0
01A34079,5116.43,0.0,0
09A34101,17123.83,0.0,0
08A34106,17239.22,0.0,0
08A34342,13931.79,36693.67992,0
02A34487,17104.41,0.0,0
01A34516,6114.81,0.0,0
04A34562,10076.62,296849.4009,0
01A34639,9552.41,0.0,0
05A34697,22096.23,0.0,0
03A34723,6013.11,561489.9292,0
01A34725,20995.69,0.0,0
04A34729,16850.47,0.0,0
06A34755,11809.38,0.0,0
08A34768,19722.89,0.0,0
07A35210,5942.18,0.0,0
08A35250,5220.38,0.0,0
06A35274,7414.1,0.0,0
03A35308,12345.31,0.0,0
04A35454,12018.42,0.0,0
00A35569,22062.79,0.0,0
03A35875,5758.76,0.0,0
09A35923,6863.94,0.0,0
03A35927,21249.27,108776.7996,0
05A36177,7877.15,0.0,0
07A36298,21608.96,0.0,0
08A36302,9179.8,0.0,0
03A36434,7403.26,0.0,0
01A36546,18771.28,0.0,0
01A36706,7013.74,0.0,0
01A36733,15036.17,0.0,0
03A36861,4656289.0,257759.4593,0
02A37067,5420.63,0.0,0
04A37293,66279.53,0.0,0
05A37389,5089.28,0.0,0
04A37440,13783.4,0.0,0
03A37543,12437.02,0.0,0
03A37716,7914.28,0.0,0
07A38075,32555.12,35932.65017,0
03A38111,13687.24,0.0,0
00A38122,18599.96,0.0,0
04A38152,10778.78,0.0,0
06A38165,6620.97,0.0,0
01A38314,19964.86,0.0,0
03A38551,5022.32,0.0,0
01A38563,23911.12,0.0,0
04A38740,5340.95,0.0,0
07A38776,5470.73,0.0,1
01A38805,9287.99,0.0,0
03A38856,5831.59,0.0,0
06A39108,7962.81,0.0,0
06A39115,17678.65,7852.917304,0
08A39207,7210.36,0.0,0
08A39318,6758.12,0.0,0
01A39354,6710.48,0.0,0
08A39465,7225.05,0.0,0
07A39491,6910.66,0.0,0
01A39626,5605.37,0.0,0
07A39663,30737.11,64848.44835,0
07A39698,5528.59,30218.41394,0
08A39707,1148912.1,0.0,0
02A39719,1473226.2,0.0,0
08A39877,7189.22,0.0,0
02A39900,9343.36,0.0,0
08A40149,10203.62,0.0,0
03A40153,20270.96,0.0,0
03A40323,17880.81,0.0,0
04A40422,5989.22,0.0,0
04A40474,10613.77,0.0,0
08A40869,22044.5,0.0,0
01A40887,5566.79,0.0,0
04A40996,13637.16,0.0,0
04A41129,26825.49,0.0,0
06A41145,6897.45,0.0,0
06A41164,10019.75,0.0,0
04A41167,5528.72,0.0,0
03A41289,8536.64,0.0,0
06A41446,5525.14,31928.95662,0
07A41461,15890.49,31255.81929,0
02A41488,13330.5,0.0,0
04A41633,35425.84,0.0,0
05A41732,12077.19,0.0,0
08A41765,14290.35,0.0,0
05A41811,95352.3,0.0,1
04A41839,5357.4,0.0,0
04A41919,15642.29,0.0,0
03A41976,18292.15,0.0,0
05A41989,9419.12,0.0,0
05A42123,12331.57,0.0,0
04A42409,1012927.75,0.0,0
07A42768,7672.74,0.0,0
01A42841,7815.02,0.0,0
06A42844,9473.02,0.0,0
02A43141,11210.59,0.0,0
04A43178,7203.19,0.0,0
04A43226,7547.42,0.0,0
08A43285,5773.05,0.0,0
03A43339,26719.11,0.0,0
05A43429,13952.11,0.0,0
02A43467,19255.18,0.0,0
05A43491,6516.77,0.0,0
09A43564,11835.28,0.0,0
01A43668,15852.76,0.0,0
03A43907,7954.76,0.0,0
08A43910,7886.02,56697.449913,0
04A43960,7248.89,0.0,0
02A44047,6401.07,17270.16692,0
08A44187,5835.88,0.0,0
03A44413,22548.62,0.0,0
07A44426,15683.22,0.0,0
08A44490,6740.52,0.0,0
03A44684,11004.43,0.0,0
05A44876,5660.23,0.0,0
05A44881,6404.8,0.0,0
04A45156,6539.73,0.0,0
08A45171,37867.94,84665.82431,0
05A45519,5716.83,0.0,0
05A45638,28221.71,0.0,0
03A45673,6574.5,0.0,0
06A45782,23554.77,0.0,0
04A45847,8505.24,0.0,0
05A45860,5540.24,0.0,0
01A45889,27979.25,0.0,0
00A46019,10921.72,0.0,0
07A46038,25423.01,0.0,0
01A46086,6207.87,0.0,0
05A46091,7919.14,0.0,0
05A46120,13101.23,0.0,0
06A46218,6094.0,0.0,0
04A46241,8686.26,0.0,0
08A46333,5619.38,0.0,0
05A46561,5715.92,0.0,0
00A46568,5001.27,0.0,0
03A46579,114198.95,0.0,0
09A46771,28398.94,0.0,0
05A46802,8678.77,0.0,0
04A46944,10980.21,0.0,0
07A46953,28785.26,0.0,0
07A47077,18039.35,0.0,0
02A47177,14327.87,0.0,0
07A47290,5201.26,0.0,0
03A47346,47046.82,0.0,0
01A47358,10290.61,20463.24451,0
06A47638,6342.8,0.0,0
08A47652,13071.46,0.0,0
03A47675,7805.56,0.0,0
02A47875,10465.76,0.0,0
08A47964,6194.0,0.0,0
08A48098,14923.28,20509.011,0
02A48434,10223.45,35284.12992,0
08A48511,8045.87,0.0,0
05A48516,8011.29,0.0,0
00A48573,5450.34,0.0,0
01A48758,6836.05,0.0,0
06A48772,18611.51,0.0,0
06A48858,6424.05,0.0,0
04A49031,7483.77,0.0,0
01A49096,6607.37,0.0,0
04A49108,5010.54,0.0,0
04A49183,15826.68,23981.22916,0
08A49240,21651.45,0.0,0
03A49273,5577.83,0.0,0
06A49321,38486.67,0.0,0
03A49537,5664.85,0.0,0
07A49603,12721.94,0.0,0
07A49713,10811.63,0.0,0
00A49724,17186.04,0.0,0
05A49894,6244.22,0.0,0
07A50055,27326.8,0.0,0
01A50074,7802.27,0.0,0
02A50137,5579.68,0.0,0
02A50288,10327.57,0.0,0
01A50449,12423.0,15155.16854,0
01A50528,9014.54,0.0,0
02A50598,53821.66,0.0,0
02A50616,17191.03,0.0,0
06A50739,17937.37,0.0,0
02A50752,23100.82,0.0,0
05A50969,11692.98,0.0,0
00A51353,7138.12,0.0,0
06A51371,34217.61,0.0,0
06A51492,7242.47,0.0,0
01A51654,7776.13,0.0,0
01A51666,5857.66,0.0,0
03A51670,24990.03,0.0,0
01A51767,7583.95,0.0,0
02A51811,12405.82,0.0,0
01A51824,12123.23,0.0,0
02A52002,10236.53,0.0,0
05A52132,6149.23,106129.716,1
02A52208,6357.73,0.0,0
07A52233,10063.3,0.0,0
06A52285,23529.38,0.0,0
06A52325,6405.38,0.0,0
04A52357,134345.33,0.0,0
08A52437,11247.36,0.0,0
06A52653,5284.92,234715.5389,0
03A52706,6722.17,0.0,0
06A52835,15035.55,0.0,0
01A53128,5640.76,0.0,0
05A53495,36590.35,0.0,0
04A53671,13515.82,0.0,0
06A53679,9381.21,0.0,0
05A53875,9484.24,0.0,0
05A53899,5689.83,0.0,0
02A53974,21543.3,0.0,0
06A53981,46113.02,0.0,0
07A54097,14992.18,0.0,0
06A54179,5499.56,0.0,0
04A54411,7537.31,0.0,0
05A54499,26250.74,0.0,0
06A54500,12053.64,0.0,0
02A54513,28761.05,0.0,0
04A54538,19804.26,44099.48357,0
06A54639,9041.68,0.0,0
01A54703,6227.76,0.0,0
07A54859,16524.83,0.0,0
01A54884,10605.93,0.0,0
07A54933,7873.18,0.0,0
02A55285,13627.84,0.0,0
02A55371,1860359.9,21024.54249,0
06A55379,7032.89,0.0,0
05A55439,5937.77,0.0,0
01A55798,17057.86,0.0,0
08A55823,6518.94,0.0,0
01A55947,9034.15,0.0,0
04A55948,26423.17,0.0,0
05A56041,20607.94,0.0,0
02A56091,11269.96,0.0,0
03A56313,8333.12,0.0,0
03A56319,49528.35,0.0,0
05A56403,6045.67,0.0,0
05A56405,5360.05,0.0,1
04A56436,6597.07,0.0,0
07A56521,23227.42,0.0,0
02A56648,9736.31,0.0,0
05A56713,10908.61,0.0,0
07A56889,17191.19,0.0,0
04A57075,5070.67,0.0,0
09A57188,36003.71,0.0,0
02A57235,12165.84,0.0,0
06A57279,5321.33,0.0,0
03A57355,6747.73,0.0,0
08A57374,13367.2,0.0,0
04A57496,784018.25,0.0,0
01A57620,28956.83,0.0,0
01A57651,7465.03,0.0,0
05A57660,10580.79,0.0,0
08A57673,30629.74,0.0,0
02A57705,6042.78,0.0,0
06A57724,7768.94,0.0,0
06A57819,21317.7,0.0,0
01A57837,9822.67,0.0,0
09A57936,22575.66,0.0,0
07A58041,15812.82,0.0,0
02A58044,16087.72,110237.8224,0
03A58112,7542.78,0.0,0
02A58134,2111096.2,0.0,0
05A58305,19774.52,0.0,0
05A58310,20122.58,13653.77715,0
02A58359,10722.7,0.0,0
03A58586,10352.58,0.0,0
02A58680,6858.76,0.0,0
08A58697,6474.48,0.0,0
07A58763,8459.24,0.0,0
05A58912,5490.64,207063.2107,0
01A59130,5611.8,0.0,0
01A59189,5945.73,0.0,0
07A59330,11658.62,34339.17694,0
03A59357,8661.59,0.0,0
06A59405,12623.27,0.0,0
08A59416,7974.0,0.0,0
03A59612,21547.93,0.0,0
00A59613,5983.91,0.0,0
03A59621,16696.78,0.0,0
05A59784,5772.32,17568.13827,0
02A59949,5140.54,0.0,0
01A59969,8654.56,0.0,0
03A60139,6166.1,0.0,0
06A60282,7576.05,0.0,0
03A60316,9892.78,0.0,0
08A60437,6894.85,0.0,0
02A60504,24680.76,0.0,0
08A60611,26320.93,0.0,0
01A60702,7138742.5,0.0,0
07A60740,7182.74,0.0,0
01A60747,28002.6,0.0,0
09A60854,7619.1,0.0,0
05A60932,5987.27,0.0,0
04A60936,17272.91,0.0,0
03A61032,10337.02,0.0,0
08A61105,5042.95,0.0,0
02A61204,6442.52,10929.0295,0
04A61468,11317.0,0.0,0
01A61493,18609.18,0.0,0
01A61530,13581.48,0.0,0
08A61586,7724.44,18832.37239,0
08A61693,6404.13,0.0,0
02A61899,17454.32,0.0,0
07A61900,41558.06,0.0,0
06A61953,7767.04,0.0,0
07A61971,55916.01,0.0,0
09A61981,6492.19,0.0,0
07A62283,5397.79,0.0,0
05A62605,22961.12,0.0,0
06A62776,6154.08,0.0,0
05A62781,5620.7,0.0,0
05A62883,14062.9,0.0,0
02A62964,11438.36,15974.7121,0
02A63032,11583.85,0.0,0
03A63135,23047.62,0.0,0
00A63190,13040.66,0.0,0
09A63237,5554.36,0.0,0
02A63430,8064.8,0.0,0
07A63482,41096.08,0.0,0
05A63552,11976.9,0.0,0
03A63659,5666.38,0.0,0
04A63660,26489.54,0.0,0
09A63790,19386.29,6123.881309,0
09A63812,5031.74,0.0,0
05A63862,13692.1,0.0,0
09A63885,12686.36,0.0,0
05A63974,15122.47,0.0,0
05A63995,6889.83,0.0,0
08A64144,9434.92,0.0,0
04A64440,5462.4,0.0,0
05A64496,10901.51,0.0,0
05A64552,14331.0,0.0,0
01A64579,8808.34,244062.0662,0
07A64596,25893.64,0.0,0
06A64681,25702.55,0.0,0
01A64738,7010.34,0.0,0
07A64905,5991.89,25905.41493,0
08A65140,38070.56,0.0,0
01A65401,7958.49,0.0,0
08A65501,5804.94,0.0,0
00A65546,33356.22,13297.75213,0
03A65613,5345.9,14143.23414,0
04A65941,11037.88,0.0,0
07A66335,5846.34,0.0,0
06A66442,14493.05,69758.75358,0
02A66459,9110.48,0.0,0
07A66643,7984.91,0.0,0
05A66683,21279.02,0.0,0
08A66738,8232.79,0.0,0
04A66755,6354.96,0.0,0
01A66769,335971.9,0.0,0
07A66928,8696.21,0.0,0
05A67053,14711.7,0.0,0
08A67114,9693.75,0.0,0
09A67161,6322.51,0.0,0
06A67173,8816.15,0.0,0
02A67274,22810.51,0.0,0
06A67297,9274.38,0.0,0
09A67325,7366.14,0.0,0
03A67351,22654.88,0.0,0
06A67357,11803.82,0.0,0
03A67669,6980.72,0.0,0
03A67730,8355.4,0.0,0
08A67805,13066.24,0.0,0
02A67828,7357.53,0.0,1
09A67901,5405.84,0.0,1
04A67992,9604.21,0.0,0
02A68105,18207.37,17839.62052,0
07A68134,22255.17,0.0,0
07A68138,8809.2,0.0,0
06A68171,5301.69,0.0,0
08A68196,9211.92,0.0,0
05A68256,15864.76,0.0,0
02A68375,13461.58,0.0,0
00A68454,13593.54,0.0,0
01A68626,16985.53,0.0,0
08A68757,9543.18,39707.89983,0
06A68891,14541.15,0.0,0
02A69139,5255.52,0.0,0
02A69345,8348.57,0.0,0
06A69368,7029.56,0.0,0
02A69535,44259.87,0.0,0
02A69583,6791.75,0.0,0
05A69658,8190.95,22317.44568,0
09A69991,22053.51,0.0,0
07A70030,9885.66,0.0,0
06A70120,12164.8,0.0,0
07A70257,12811.04,0.0,0
05A70515,27239.3,0.0,0
06A70530,2963411.0,0.0,0
05A70739,9005.64,0.0,0
08A70751,6382.1,0.0,0
04A70831,31810.19,0.0,0
03A70835,13276.88,0.0,0
02A71033,5184.44,0.0,0
03A71100,7298.06,0.0,0
07A71218,7338.6,0.0,1
00A71414,7176.87,0.0,0
03A71433,6348.36,0.0,0
04A71481,10800.7,0.0,0
06A71620,76844.2,0.0,0
01A71753,15688.75,0.0,0
06A71777,5747.42,0.0,0
06A71873,6681.72,0.0,0
09A71948,72657.48,0.0,0
08A72020,8070.41,0.0,0
03A72083,5460.31,0.0,0
03A72096,6304.07,0.0,0
04A72156,5158.81,47621.2942,0
09A72306,11425.08,0.0,0
03A72372,8169.7,83599.52761,1
04A72391,20533.35,0.0,0
04A72488,7605.05,729903.3646,0
00A72489,5251.99,0.0,0
09A72631,9989.38,0.0,0
02A72756,11455.73,0.0,0
06A72820,8711.87,0.0,0
02A72993,6301.86,0.0,0
01A73009,8990.87,21360.67383,0
06A73051,5256.99,0.0,0
08A73191,33031.28,0.0,0
02A73230,7261.74,0.0,0
03A73243,9701.51,276067.07531,0
01A73577,8035.87,0.0,0
02A73618,12652.78,0.0,0
02A73634,5312.48,0.0,0
06A73639,8196.74,0.0,0
01A73713,13569.3,0.0,0
08A74022,8484.96,0.0,0
06A74104,6548.01,18819.98384,0
05A74124,6053.55,0.0,0
07A74212,25094.98,0.0,1
04A74309,7308.11,0.0,0
05A74334,6023.83,0.0,0
01A74351,7376.61,0.0,0
01A74656,22217.28,0.0,0
05A74699,17097.24,0.0,0
04A74854,6961.32,0.0,0
05A75184,5247.48,0.0,0
03A75275,6852.62,0.0,0
03A75433,12244.15,0.0,0
04A75564,8534.76,0.0,0
01A75579,8131.25,15937.64275,0
07A75669,6724.66,0.0,0
02A75696,6235.96,0.0,0
04A75757,7340.52,0.0,0
09A75783,8321.73,0.0,0
05A75883,7487.91,0.0,0
07A76077,5623.64,0.0,0
07A76187,9768.39,0.0,0
07A76310,9919.89,0.0,0
08A76317,17415.16,0.0,0
08A76360,5971.0,0.0,0
08A76385,26945.9,0.0,0
03A76399,32202.06,0.0,0
05A76471,6795.2,0.0,0
03A76511,7847.89,0.0,0
07A76666,7376.44,0.0,0
02A76747,6906.55,26188.82708,0
02A76867,11391.3,0.0,0
04A77150,5011.43,0.0,0
03A77329,9062.59,0.0,0
08A77506,15396.11,0.0,0
08A77610,9909.17,0.0,0
05A77728,6638.48,0.0,0
05A77822,9697.83,0.0,0
05A77857,2787657.5,0.0,0
01A77874,13611.66,0.0,0
02A77984,33892.62,0.0,0
02A78018,7686.79,0.0,0
07A78066,9278.35,0.0,0
04A78098,8274.05,0.0,0
07A78392,10140.31,0.0,0
01A78684,45520.48,0.0,0
02A78881,227229.05,0.0,0
09A79024,1608969.2,0.0,0
00A79068,9124.25,0.0,0
08A79142,10381.94,0.0,0
01A79427,6930.1,0.0,0
02A79625,6512.18,0.0,0
01A79635,5210.87,12606.2828,0
05A79639,31376.05,0.0,0
06A79681,5987.47,0.0,0
06A79745,8057.99,0.0,0
02A79829,7274.94,0.0,0
07A79863,6013.71,0.0,0
01A79927,8876.48,0.0,0
03A80075,5556.75,0.0,0
03A80100,11814.19,0.0,0
05A80123,37938.01,0.0,0
05A80174,16441.04,13228.32126,0
04A80253,5213.02,0.0,0
01A80489,9007.91,0.0,0
05A80526,9685.27,0.0,0
04A80540,13291.32,0.0,0
08A80541,7795.86,0.0,0
07A80944,16709.3,0.0,0
07A80970,10616.3,0.0,0
05A81047,40873.41,0.0,0
00A81182,5766.42,0.0,0
03A81247,9736.07,0.0,0
02A81542,5537.85,0.0,0
02A81606,16317.43,0.0,0
07A81632,6314.65,0.0,0
03A81690,9342.46,0.0,0
05A81793,8276.77,0.0,0
03A81867,8381.32,0.0,0
07A82149,19167.55,30799.51831,0
04A82239,8775.07,0.0,0
05A82281,13422.49,0.0,0
01A82406,13758.5,0.0,0
05A82420,25291.91,80067.87318,0
06A82504,7502.46,14909.54262,0
03A82626,5399.5,0.0,0
08A82671,27737.78,0.0,0
07A82675,10030.54,0.0,0
06A82863,8003.35,0.0,0
03A82924,5555.89,0.0,0
02A82945,10015.93,0.0,0
01A83041,8680.82,0.0,0
07A83148,37402.69,0.0,0
04A83174,17725.85,9463.103033,0
06A83305,6746.6,0.0,0
06A83475,13437.11,0.0,0
05A83533,13441.4,0.0,0
04A83569,8764.63,0.0,0
08A83630,7969.4,9256.703621,0
07A83656,5069.88,0.0,0
04A83812,8395.99,27074.46054,0
02A83962,6711.69,61385.09999,0
02A84025,24096.78,0.0,0
05A84322,29532.21,0.0,0
03A84412,18001.01,18505.9597,0
05A84476,9091.79,0.0,0
05A84480,10480.6,0.0,0
02A84736,5261.05,0.0,0
01A84803,73691.61,0.0,0
06A84976,7729.45,86201.47793,1
07A84980,8936.77,0.0,0
02A84981,5337.44,0.0,0
06A85658,12207.67,0.0,0
03A85659,34248.1,253714.4857,0
05A85733,15302.7,0.0,0
08A85872,23588.47,0.0,0
05A85882,7098.99,0.0,0
01A86043,18490.3,0.0,0
08A86110,12527.7,0.0,0
03A86277,6519.25,0.0,0
02A86280,18345.15,0.0,0
03A86344,6315.34,0.0,0
02A86355,5156.41,0.0,0
06A86432,8865.58,0.0,0
08A86865,26622.4,0.0,0
08A87232,5159.8,0.0,0
07A87415,17581.81,0.0,0
02A87513,5197.02,0.0,0
04A87531,12912.65,0.0,0
01A87589,10235.46,0.0,0
08A87595,8658.31,0.0,0
04A87664,8849.92,0.0,0
04A87768,1027951.8,0.0,0
05A87849,9812.19,13044.94503,0
02A87915,28720.54,6084.823933,0
01A87958,9944.0,0.0,0
02A88025,6545.37,0.0,0
01A88144,33133.47,0.0,0
06A88150,6759.7,0.0,0
08A88311,20603.48,0.0,0
06A88338,28980.11,0.0,0
00A88388,5621.94,0.0,0
06A88616,8910.85,12467.22639,0
00A88698,17250.58,0.0,0
08A88725,2555147.8,0.0,0
04A88776,18183.4,24764.19334,0
08A89000,8486.56,0.0,0
01A89546,7815.51,0.0,0
07A89659,5739.33,0.0,0
07A89788,7950.12,0.0,0
04A89840,15957.32,0.0,0
02A89866,9640.47,0.0,0
04A89905,31517.81,0.0,0
06A90059,7200.11,0.0,0
03A90106,10362.44,0.0,0
06A90206,14535.03,0.0,0
05A90246,101777.35,0.0,0
01A90256,81982.08,39726.85512,0
02A90270,17120.48,0.0,0
02A90318,5443.41,0.0,0
03A90393,10035.79,404060.5955,0
06A90459,53673.89,0.0,0
02A90476,79518.02,0.0,0
03A90557,8340.06,0.0,0
05A90725,16405.2,0.0,0
04A90733,6305.69,15688.70707,0
08A90744,45305.26,0.0,0
05A90754,14787.76,0.0,0
01A90762,7288.28,0.0,0
00A90800,13020.95,0.0,0
05A90845,8436.44,0.0,0
06A90948,14238.87,0.0,0
03A90971,12143.16,0.0,0
03A91207,9350.98,0.0,0
00A91227,8374.09,0.0,0
06A91257,48852.76,0.0,0
03A91400,11626.0,0.0,0
03A91432,7195.94,0.0,0
02A91653,564758.44,0.0,0
09A91674,9718.51,0.0,0
01A91746,7486.82,0.0,0
02A91753,6750.85,0.0,0
08A91902,27778.14,0.0,0
07A91963,5968.32,0.0,0
03A91996,10767.74,0.0,0
05A92034,7052.47,0.0,0
03A92176,12154.13,0.0,0
07A92219,11143.55,0.0,0
07A92275,20516.34,0.0,0
07A92580,15181.32,0.0,0
06A92628,5101.36,37167.36101,0
05A92682,26343.42,0.0,0
08A92794,6757.86,0.0,0
08A92868,6276.98,0.0,0
06A92887,36429.46,63048.07947,0
02A92922,5216.33,0.0,0
01A93011,5669.65,0.0,0
01A93191,7763.06,0.0,0
04A93337,12777.96,0.0,0
03A93338,9715.63,0.0,0
00A93339,2691203.0,0.0,0
01A93341,6327.21,0.0,0
01A93350,10765.86,0.0,0
01A93414,6968.89,0.0,0
01A93455,9881.6,0.0,0
06A93543,5294.45,0.0,0
05A93672,14033.95,0.0,0
01A93709,6663.1,0.0,0
07A94033,44153.71,0.0,0
02A94054,15404.68,0.0,0
06A94077,10455.43,79582.95599,0
01A94106,20109.05,0.0,0
05A94123,6272.32,0.0,0
06A94166,23855.67,0.0,0
01A94259,43090.9,16753.15567,0
07A94595,14031.38,0.0,0
08A94597,19666.53,0.0,0
06A94685,5430.96,0.0,0
04A94698,9254.51,0.0,0
04A94759,12388.32,0.0,0
00A94810,12243.34,18844.22154,0
05A94867,6230.16,0.0,0
05A95168,34726.3,35210.70252,0
03A95256,29875.76,46680.87794,0
08A95322,6993.77,0.0,0
01A95354,14397.45,0.0,0
01A95554,9924.42,0.0,0
09A95627,21964.38,0.0,0
01A95681,11107.05,76116.14941,0
05A95816,6532.2,0.0,0
02A95907,16354.44,0.0,0
04A95919,20499.79,91930.09438,0
04A96051,13834.47,0.0,0
05A96142,10967.84,0.0,0
01A96149,11061.22,0.0,0
07A96168,8504.66,0.0,0
01A96221,5703.51,0.0,0
07A96223,29782.52,0.0,0
06A96351,12814.26,0.0,0
03A96707,12810.43,0.0,0
01A96946,22243.85,0.0,0
04A96959,15227.13,10780.50164,0
05A96993,6535.09,0.0,0
02A97139,5592.19,0.0,0
01A97254,15346.85,0.0,0
02A97257,5671.34,0.0,0
02A97446,7013.0,0.0,0
06A97508,7960.3,0.0,0
01A97517,5846.64,35387.53777,0
05A97519,8418.97,0.0,0
07A97531,6251.59,0.0,0
06A97689,5791.81,0.0,0
01A97755,5155.2,0.0,0
05A97931,14911.59,0.0,0
08A97943,28837.08,0.0,0
01A98005,14877.63,0.0,0
07A98087,19369.16,0.0,0
04A98201,5953.13,0.0,0
03A98295,8032.23,0.0,0
07A98321,21592.62,0.0,0
04A98349,22464.44,0.0,0
04A98478,7271.94,0.0,0
07A98488,15374.21,0.0,0
04A98497,17458.83,0.0,0
02A98529,28637.26,0.0,0
06A98595,6679.64,0.0,0
05A98606,8104.25,79194.34234,0
02A98613,6364.05,0.0,0
06A98701,5345.61,0.0,1
03A98848,22381.06,0.0,0
04A98867,100374.49,0.0,0
02A98903,5677.51,0.0,0
08A98915,10745.76,0.0,0
06A98930,22641.94,28488.42206,0
07A98969,6514.2,0.0,0
03A99000,6996.86,0.0,0
08A99032,5345.9,0.0,0
04A99192,24890.58,0.0,0
07A99365,23190.51,0.0,0
02A99528,21012.34,0.0,0
02A99603,14697.05,0.0,0
02A99649,36945.92,0.0,0
06A99723,11391.96,0.0,0
01A99853,11386.34,0.0,0
01A99943,5606.76,0.0,0
03A99978,28737.46,0.0,1
6A100001,11086.76,0.0,0
2A100058,15446.19,0.0,0
5A100064,5102.4,0.0,0
5A100196,7342.79,0.0,0
5A100205,6707.36,0.0,0
8A100348,5497.42,0.0,0
8A100606,6234.17,0.0,0
4A100620,9714.23,0.0,0
1A100730,9564.01,0.0,0
2A100811,5017.04,0.0,0
6A100818,10670.86,0.0,0
4A100875,9275.81,0.0,0
7A101049,6551.31,0.0,0
6A101067,23911.93,0.0,0
5A101247,14794.02,7484.627883,0
8A101307,8417.51,0.0,0
1A101346,11542.25,0.0,0
0A101357,8117.68,0.0,0
2A101408,5713.06,0.0,0
1A101779,9514.72,0.0,0
2A102068,14022.85,0.0,0
4A102128,6146.38,18768.03122,0
4A102147,6166.8,0.0,0
2A102210,976808.94,0.0,0
2A102314,5209.75,0.0,0
4A102330,29419.53,0.0,0
1A102397,5999.85,0.0,0
4A102483,5475.17,0.0,0
3A102772,19290.74,0.0,0
1A102930,36054.22,0.0,0
4A102940,14967.42,0.0,0
6A102957,30767.34,0.0,0
1A103007,9203.35,0.0,0
7A103026,12870.02,0.0,0
5A103175,17471.51,12057.93558,0
4A103327,8840.27,40837.20576,0
7A103439,5452.79,14891.49609,0
8A103597,11133.57,0.0,0
2A103656,25842.74,0.0,0
6A103822,5586.21,0.0,0
5A103849,10347.28,0.0,0
4A104008,5259.25,0.0,0
2A104057,26564.12,0.0,0
8A104059,6580.88,0.0,0
4A104098,5608.92,0.0,0
7A104106,18858.11,0.0,0
2A104388,5957.74,67394.58518,0
2A104515,7258.82,0.0,0
9A104520,125039.6,0.0,0
8A104528,6803.83,0.0,0
2A104530,14745.06,0.0,0
2A104552,27255.85,0.0,0
1A104631,5404.5,0.0,0
3A104720,6292.85,0.0,0
7A104739,5211.9,0.0,0
6A105007,22108.09,0.0,0
8A105092,11354.16,0.0,0
5A105113,6131.33,0.0,0
6A105120,5839.83,0.0,0
8A105185,6825.41,0.0,0
1A105204,10214.35,42071.52356,0
4A105286,7729.92,0.0,0
1A105370,7072.54,0.0,0
3A105375,9628.41,0.0,0
2A105610,10683.49,0.0,0
9A105717,1378350.2,0.0,0
1A105732,24996.61,40925.79342,0
1A105764,12741.48,0.0,0
4A105821,6634.9,0.0,0
3A105984,6330.32,0.0,0
5A106034,11787.11,0.0,0
2A106080,308621.2,0.0,0
4A106198,5311.25,0.0,0
5A106303,6639.41,0.0,0
4A106390,14317.93,0.0,0
5A106465,5298148.5,0.0,0
7A106497,9378.04,0.0,0
9A106569,8214.93,0.0,0
7A106577,8937.39,0.0,0
5A106583,37082.24,0.0,0
5A106741,15679.88,0.0,0
4A106908,11157.21,0.0,0
3A106946,40474.46,0.0,0
7A107033,5168.64,0.0,1
5A107043,12378.56,63144.324,0
5A107096,6538.08,0.0,0
2A107196,108598.64,0.0,0
9A107396,15120.24,0.0,0
2A107670,10212.62,0.0,0
8A107866,7168.57,0.0,0
2A107872,10083.24,0.0,0
4A107879,13303.53,0.0,0
9A107948,16575.15,27349.81839,0
3A107950,5085.04,0.0,0
7A108053,27903.7,0.0,0
9A108274,13181.29,0.0,0
7A108339,24380.74,0.0,0
1A108346,44799.26,0.0,0
0A108349,29182.91,0.0,0
5A108565,17015.76,0.0,0
3A108830,30171.73,0.0,0
3A108857,23573.55,0.0,0
4A108962,742174.75,0.0,0
6A109154,55402.1,0.0,0
4A109176,6620.15,43322.30391,0
5A109353,7381.86,0.0,0
2A109363,8396.2,0.0,0
4A109400,9142.7,0.0,0
2A109488,7129.72,0.0,0
3A109532,7931.33,0.0,0
2A109698,873792.94,0.0,0
4A109793,51853.21,0.0,0
5A109929,792669.1,0.0,0
8A110034,19191.4,0.0,0
8A110079,9769.52,0.0,0
4A110408,6035.08,0.0,0
7A110512,21168.37,0.0,0
6A110617,603094.9,0.0,0
7A110709,7083.33,0.0,0
1A110732,9412.21,0.0,0
5A110931,16184.88,0.0,0
3A110936,6018.34,0.0,0
8A111023,11531.88,0.0,0
4A111075,13618.35,0.0,0
2A111165,18873.12,0.0,0
0A111180,6851.06,0.0,0
9A111301,5040.83,0.0,0
0A111384,19196.32,0.0,0
1A111413,40398.03,0.0,0
7A111440,5995.14,0.0,0
2A111458,9074.11,0.0,0
1A111478,11485.26,0.0,0
1A111534,7608.77,0.0,0
3A111647,5420.85,0.0,0
5A111753,7054.01,0.0,1
2A111981,6577.18,0.0,0
7A112024,7817.5,0.0,0
7A112072,9245.22,0.0,0
3A112189,12359.91,0.0,0
3A112271,7376.27,0.0,0
6A112712,21209.02,0.0,0
5A112758,5351.34,0.0,0
3A112978,8015.62,21515.20833,0
3A113042,61760.0,0.0,0
0A113059,15740.16,0.0,0
5A113166,11654.68,0.0,0
7A113187,914950.6,0.0,0
4A113286,8206.32,0.0,0
2A113313,7269.82,0.0,0
2A113610,17768.56,0.0,0
2A114021,6813.72,0.0,0
6A114036,7410.49,0.0,0
1A114057,5744.15,0.0,0
1A114102,11163.36,0.0,1
6A114148,20911.01,0.0,0
1A114247,14264.51,0.0,0
2A114280,5797.45,0.0,0
3A114331,5762.84,0.0,0
2A114385,25608.32,0.0,0
1A114431,9307.62,0.0,0
2A114476,18720.89,0.0,0
8A114494,6180.88,124728.9435,0
6A114585,28425.84,40942.80612,0
6A114661,71844.39,0.0,0
5A114951,7291.85,0.0,0
7A115052,9511.72,0.0,0
6A115173,6185.95,0.0,0
6A115524,5658.49,0.0,0
4A115645,2133112.0,0.0,0
3A115743,9767.85,0.0,0
1A115750,10284.3,0.0,0
5A115758,1588723.0,0.0,0
3A115900,9832.16,0.0,0
2A115925,12072.96,0.0,0
7A115932,21704.96,0.0,0
4A116186,5464.13,0.0,0
4A116208,12288.07,0.0,0
1A116212,28926.14,0.0,0
9A116333,7903.32,0.0,0
1A116574,21604.29,0.0,0
3A116660,10364.08,0.0,0
7A116702,36749.45,0.0,0
5A116794,5196.63,0.0,0
1A116905,11957.69,0.0,0
4A116913,7601.31,0.0,0
7A116933,6704.37,0.0,0
1A116990,89212.69,12076.07029,0
2A117237,12184.6,65814.14396,0
7A117257,13900.36,0.0,0
0A117270,9721.12,0.0,0
8A117390,9855.8,0.0,0
7A117452,19564.02,0.0,0
8A117477,9810.11,7888.886679,0
4A117496,8552.42,0.0,0
2A117540,8527.41,0.0,1
1A117687,17579.68,0.0,0
0A117730,3934112.2,0.0,0
5A117768,5681.5,0.0,0
3A117771,15002.04,0.0,0
5A117861,14280.24,0.0,0
1A117891,7728.04,0.0,0
7A117893,7970.26,0.0,0
4A117937,77207.02,0.0,0
1A118017,25664.12,0.0,0
6A118083,16659.32,0.0,0
2A118387,11567.86,0.0,0
5A118402,7637.19,0.0,0
1A118473,5312.39,0.0,0
2A118611,9818.66,0.0,0
0A118658,23199.34,0.0,0
7A118660,59113.48,0.0,0
5A118794,7506.55,0.0,0
1A118864,5853.56,0.0,0
3A118945,5367.83,41768.90272,0
3A119036,5553.36,0.0,1
6A119204,11804.43,12909.01546,0
5A119222,20835.46,0.0,0
2A119475,8796.77,41105.34968,0
1A119544,12137.54,0.0,0
7A119575,28264.6,0.0,0
6A119606,8014.6,0.0,0
7A119763,7943.24,0.0,0
1A119814,6958.55,0.0,0
3A119827,8495.66,0.0,0
4A119980,15692.37,0.0,0
2A119997,47669.94,0.0,0
2A120002,10263.35,0.0,0
8A120031,9925.0,0.0,0
4A120224,20158.23,128512.977,0
4A120356,14388.94,0.0,0
4A120367,33976.15,0.0,0
2A120469,12311.75,0.0,0
5A120606,7077.29,0.0,1
2A120623,10211.49,0.0,0
6A120755,5483.97,0.0,0
5A120846,22169.68,34856.96164,0
7A121215,6423.92,0.0,0
6A121253,20652.69,0.0,0
6A121464,5068.17,0.0,0
3A121475,10349.04,0.0,0
9A121496,28409.08,0.0,0
2A121710,50348.0,0.0,0
7A121721,13659.14,0.0,0
9A121932,26900.92,0.0,0
3A121933,13321.34,0.0,0
3A122188,5758.99,0.0,0
6A122195,6151775.5,0.0,0
0A122266,33614.2,0.0,0
3A122298,12194.33,0.0,0
6A122465,22160.36,0.0,0
8A122467,10809.36,0.0,0
3A122508,10076.41,0.0,0
7A122816,7985.86,0.0,0
5A123056,7842.6,0.0,0
8A123074,6161.21,0.0,0
4A123075,7689.63,0.0,0
3A123174,5912.06,0.0,0
4A123289,87962.26,0.0,0
1A123390,13502.96,0.0,0
6A123610,15411.44,0.0,0
4A123695,8711.75,0.0,0
7A123744,39481.4,0.0,0
7A123766,6179.4,0.0,0
4A123934,14813.6,0.0,0
4A123993,8916.06,0.0,0
5A124143,34155.46,0.0,0
3A124218,6880.29,166776.2287,0
7A124352,9799.95,0.0,0
5A124416,1963901.9,0.0,0
5A124553,11116.24,0.0,0
0A124606,12438.54,0.0,0
8A124721,6216.72,0.0,0
7A124736,5554.6,0.0,0
3A124815,14904.98,0.0,0
4A124877,5871.21,0.0,0
8A125007,13038.43,0.0,0
0A125016,17148.01,0.0,0
8A125077,25306.06,0.0,0
0A125142,5907.32,132125.0272,1
4A125239,6394.05,0.0,0
2A125243,9682.16,0.0,0
0A125327,7699.6,0.0,0
8A125338,5449.98,0.0,0
3A125474,7533.25,0.0,0
3A125491,5053.82,8491.61079,0
8A125505,14131.69,0.0,0
4A125581,20674.29,0.0,0
3A125738,14387.04,0.0,0
2A125783,7804.77,0.0,0
1A125837,16804.15,0.0,0
8A125854,231781.64,0.0,0
1A125890,7890.58,0.0,0
5A126012,20657.78,0.0,0
3A126397,14721.67,0.0,0
1A126490,14338.72,0.0,1
5A126557,7977.04,0.0,0
6A126709,84435.45,0.0,0
2A126728,5661.98,0.0,0
6A126758,6937.62,0.0,0
1A127012,18473.12,0.0,0
2A127086,5190.94,0.0,0
1A127184,52335.63,60844.36871,0
7A127391,33201.0,0.0,0
3A127449,9047.88,0.0,0
1A127468,8995.26,0.0,0
1A127553,8157.85,0.0,0
2A127605,5630.81,0.0,0
3A127614,5696.59,0.0,1
2A127670,18027.03,0.0,0
1A127718,5522.27,0.0,0
3A127827,36572.02,0.0,1
3A127891,7314.31,0.0,0
7A127924,27385.64,0.0,0
3A127959,6898.79,0.0,0
4A128098,8150.19,0.0,0
0A128528,6893.16,116983.172,0
2A128610,5229.6,0.0,0
2A128695,6517.29,0.0,0
8A128734,10558.23,0.0,0
9A128770,12777.23,0.0,0
1A129222,51193.74,0.0,0
7A129360,23002.54,123294.95397,0
1A129387,10276.38,0.0,0
6A129566,17092.36,0.0,0
6A129599,33298.94,0.0,0
6A129749,12827.46,0.0,0
0A129769,2526443.8,0.0,0
8A129873,5526.38,0.0,0
6A129877,19523.07,0.0,0
8A129945,15642.22,0.0,0
5A130033,16082.24,0.0,0
3A130086,1245810.4,7538.190815,0
0A130088,73668.76,84895.89525,0
3A130121,15235.11,0.0,0
3A130153,8073.76,0.0,0
6A130308,7955.24,0.0,0
5A130420,3016569.2,0.0,0
5A130515,59455.04,26286.11694,0
5A130675,17341.42,0.0,0
7A130697,42948.84,0.0,0
7A130967,17377.94,0.0,0
1A131107,12644.67,0.0,0
1A131136,10441.35,0.0,0
9A131200,5235.45,0.0,0
5A131236,6904.39,14709.93236,0
8A131276,7600.05,0.0,0
9A131323,9915.67,0.0,0
4A131391,8720.29,0.0,0
5A131448,5801.91,0.0,0
3A131467,7437.52,0.0,0
3A131542,3430515.8,0.0,0
5A131646,7162.54,0.0,0
1A131688,5165.04,0.0,0
8A131854,14851.81,0.0,0
5A131876,28611.3,0.0,0
3A131917,6067.57,10111.04911,0
5A131937,6211.14,0.0,0
6A132023,15414.97,0.0,0
7A132124,23543.81,0.0,0
5A132160,9760.88,0.0,0
3A132223,7429.04,0.0,0
7A132244,59651.58,0.0,0
3A132401,26160.68,0.0,0
4A132430,5245.54,0.0,0
1A132454,11134.35,0.0,0
6A132578,7951.66,71540.7181,0
8A132935,24662.94,0.0,0
6A133058,6804.21,0.0,0
5A133169,12408.67,0.0,0
8A133217,6040.08,0.0,0
1A133337,12557.47,0.0,0
5A133454,22071.69,0.0,0
8A133513,5721.72,0.0,0
7A133581,23672.42,0.0,0
4A133696,25729.94,0.0,0
2A133722,6462.49,0.0,0
1A133755,5713.35,0.0,0
8A133767,7591.57,0.0,0
3A133895,665511.6,0.0,0
7A134110,7839.16,0.0,1
8A134112,15525.45,0.0,0
8A134117,9941.35,0.0,0
6A134258,39314.04,0.0,0
7A134286,11424.19,0.0,0
9A134305,10233.14,0.0,0
6A134377,6698.41,0.0,0
7A134407,6585.87,0.0,0
1A134473,20265.02,0.0,0
0A134562,5735.64,0.0,0
7A134567,8295.26,0.0,0
7A134704,12180.54,0.0,0
1A134741,10777.37,0.0,0
3A134832,23573.58,0.0,0
8A134885,11891.63,0.0,0
8A135055,9332.38,0.0,0
2A135114,12709.06,0.0,0
4A135146,34949.08,0.0,0
3A135193,10079.72,12352.5043,0
7A135339,20999.76,15077.14703,0
5A135418,43271.9,0.0,0
7A135702,11002.34,38924.22066,0
6A135741,7687.53,20998.05426,0
5A135782,15953.03,0.0,0
3A135846,15623.38,0.0,0
2A135853,39504.61,0.0,0
4A136155,15435.72,0.0,0
1A136269,17759.98,0.0,0
7A136287,11303.26,0.0,0
4A136333,11108.67,0.0,0
4A136397,5251.7,0.0,1
8A136409,21911.13,0.0,0
8A136456,16420.38,0.0,0
1A136630,8632.46,20061.9761,1
7A136650,12541.42,0.0,0
5A136922,6637.25,0.0,0
4A136980,27504.92,0.0,1
2A137164,13590.76,424646.7579,0
7A137257,6665.14,0.0,0
1A137333,25647.69,0.0,0
3A137401,12039.49,0.0,0
6A137607,32306.58,37588.99995,0
8A137983,5005.07,0.0,0
6A137989,17475.13,0.0,0
5A138062,51385.16,0.0,0
8A138332,26054.32,0.0,0
4A138344,19953.2,0.0,0
5A138486,12598.14,0.0,0
1A138641,17498.66,0.0,0
1A138667,6595.86,0.0,0
1A139012,7258.85,0.0,0
8A139611,6784.63,0.0,0
8A139616,20190.17,0.0,0
7A139696,13959.27,0.0,0
1A139710,6323.85,0.0,1
7A139830,11114.89,29598.20657,1
6A139905,417218.88,0.0,0
2A139938,6452.88,0.0,0
8A140030,8153.54,12229.14373,1
2A140189,9686.76,0.0,0
8A140190,11910.94,0.0,0
6A140343,16496.62,0.0,0
6A140483,9947.9,46594.041,0
5A140532,38844.31,0.0,0
3A140606,14496.41,0.0,0
9A140668,10391.33,0.0,0
3A140823,9439.26,16036.74404,0
8A140953,5103.22,0.0,0
1A141046,5674.23,0.0,0
4A141470,6452.18,248472.5609,0
5A141540,25934.49,0.0,0
4A141604,5600.93,0.0,0
5A141704,7347.26,0.0,0
5A141748,16320.68,0.0,0
8A141761,7550.37,0.0,0
5A141937,23296.26,0.0,0
1A142085,11379.45,0.0,0
3A142152,9455.99,19045.66667,0
6A142180,7833.6,18191.24579,0
6A142289,10099.03,0.0,0
8A142417,7225.92,0.0,0
4A142689,21033.38,0.0,0
3A142764,7031.44,0.0,0
7A142775,8561.34,0.0,0
7A142814,5188.76,0.0,0
8A142856,9137.94,0.0,0
6A142859,26684.35,0.0,0
2A142862,5845.34,0.0,0
9A142900,7340.97,0.0,0
6A142916,25341.27,0.0,0
5A142922,9322.73,0.0,0
1A143019,6086.59,0.0,0
7A143323,18136.04,0.0,0
7A143428,14803.87,0.0,0
7A143551,8347.99,0.0,0
8A143645,9782.58,0.0,0
7A143675,12344.79,0.0,0
4A143738,12265.25,0.0,0
1A143761,8605.69,0.0,0
2A143947,11539.84,0.0,0
0A144036,28674.51,0.0,0
0A144121,78658.42,0.0,0
2A144364,9876.75,0.0,0
3A144411,21191.27,0.0,0
1A144495,8884.37,14988.42705,0
6A144566,26049.5,0.0,0
8A144733,13254.82,0.0,0
9A144734,43164.2,0.0,0
1A144865,24246.9,0.0,0
3A144910,6904.75,0.0,0
5A144940,676588.25,0.0,0
3A145204,13465.54,0.0,0
1A145316,8618.88,0.0,0
4A145379,19197.71,0.0,0
7A145508,5211.47,0.0,0
2A145514,6679.71,0.0,0
5A145695,6144.39,0.0,0
3A145702,6864.99,0.0,0
1A145785,10307.16,0.0,0
8A145790,23904.54,0.0,0
1A145851,5065.44,0.0,0
7A145857,5550.9,0.0,0
4A145986,13596.92,0.0,0
6A146059,5908.5,0.0,0
4A146191,5043.35,0.0,0
3A146208,25644.03,0.0,0
1A146306,5716.72,0.0,0
5A146309,29639.44,0.0,0
0A146326,5297.38,0.0,0
8A146327,60988.68,0.0,0
8A146388,19894.4,0.0,0
3A146473,17155.04,32381.16393,0
9A146522,15847.82,0.0,0
7A146646,5293.75,8604.121627,0
2A146720,8251.66,0.0,0
5A146793,28217.05,13905.54664,0
5A146941,50338.88,0.0,0
4A147040,5132.48,0.0,0
7A147068,23992.01,0.0,0
6A147169,9146.2,0.0,0
3A147241,148966.84,0.0,0
1A147290,6669.19,0.0,0
1A147572,5450.68,0.0,0
3A147624,5566.28,0.0,0
0A147835,50443.26,0.0,0
3A148000,5742.03,0.0,0
5A148118,294210.28,0.0,0
2A148176,21545.44,0.0,0
3A148283,5104.51,0.0,0
9A148284,20513.47,90754.21355,0
6A148295,19731.05,0.0,0
7A148428,4238625.5,0.0,0
2A148469,6856.4,0.0,0
1A148489,7580199.5,0.0,0
8A148602,5316.97,17771.24455,0
6A148969,9272.46,0.0,0
4A149066,16274.29,0.0,0
1A149181,58320.41,0.0,0
1A149239,24770.38,0.0,0
3A149392,11356.18,0.0,1
3A149484,5542.7,0.0,0
7A149571,11938.08,0.0,0
8A149691,11357.64,77278.18796000001,0
4A149790,6505.83,0.0,0
8A150080,16595.32,0.0,0
4A150084,20162.83,0.0,0
1A150168,24738.01,0.0,0
6A150262,11482.37,0.0,0
1A150415,6028.23,0.0,0
1A150450,14672.09,86974.20255,0
6A150565,14450.27,0.0,0
7A150612,12731.74,0.0,0
7A150806,12529.56,0.0,0
2A150845,5957.79,0.0,0
8A150853,13952.7,0.0,0
2A150866,11483.06,0.0,0
1A150895,5268.39,0.0,0
8A150985,11519.28,0.0,0
2A151065,9189.23,0.0,0
6A151169,8990.14,0.0,0
7A151186,16472.26,0.0,0
2A151297,24524.58,0.0,0
7A151371,13892.58,0.0,0
2A151405,7676.87,0.0,0
5A151427,8862.98,0.0,0
1A151585,16002.24,0.0,0
2A151841,7254.63,38065.61495,0
7A151911,12354.71,0.0,0
9A152351,9362.42,0.0,0
5A152367,5786.56,0.0,0
7A152574,14976.16,0.0,0
4A152581,11380.13,0.0,0
2A152706,12221.5,0.0,0
5A152783,5477.48,0.0,0
4A152867,9549.98,0.0,0
8A153144,9726.55,0.0,0
8A153282,13396.51,0.0,0
6A153310,26197.14,0.0,0
3A153445,34331.24,0.0,0
3A153629,2706397.8,111944.5681,0
7A153654,8437.04,0.0,0
2A153779,6500.99,0.0,0
5A153813,6643.02,0.0,0
5A153857,10555.4,0.0,0
8A153900,5599.49,0.0,0
6A153949,518372.97,0.0,0
6A154087,6284.58,0.0,0
4A154252,6821.5,0.0,0
7A154256,11079.33,0.0,0
7A154339,15808.01,0.0,0
5A154345,11924.11,0.0,0
3A154413,24540.26,0.0,0
8A154417,48797.01,0.0,0
2A154430,7601.98,0.0,0
1A154542,6912.07,0.0,0
2A154704,8427.53,0.0,0
8A154761,15253.9,0.0,0
7A154959,18110.88,7969.190958,0
2A155037,83972.95,0.0,0
2A155134,13125.14,0.0,0
7A155159,9970.86,0.0,0
2A155184,38679.88,11144.39162,0
2A155204,30231.29,0.0,0
5A155215,5723.37,0.0,1
6A155287,9415.32,0.0,0
5A155474,9530.78,0.0,0
3A155477,43265.94,0.0,0
1A155512,8361.39,0.0,0
3A155634,8275.77,0.0,0
7A155738,7368.45,0.0,0
5A155853,5893.29,0.0,0
6A156043,17099.75,0.0,0
7A156239,20114.51,0.0,0
3A156398,9609.04,0.0,0
2A156466,696139.44,0.0,0
2A156479,11281.22,0.0,0
5A156712,10340.24,0.0,0
1A156808,5894.87,0.0,0
4A156950,10021.94,99551.17262,0
6A157052,17100.73,0.0,0
4A157053,8913.1,0.0,1
5A157066,5356.87,0.0,0
6A157074,20790.01,0.0,0
7A157103,11254.75,0.0,0
4A157116,43038.44,0.0,0
9A157197,5771.32,0.0,0
6A157201,6140.76,0.0,0
7A157218,9277.33,0.0,0
1A157294,13720.13,0.0,0
3A157469,11455.32,0.0,0
5A157470,5207.12,0.0,0
2A157850,12929.26,635731.4519,0
3A157964,11687.39,0.0,0
3A158091,18168.88,0.0,0
6A158093,12376.82,0.0,0
9A158131,23162.49,0.0,0
5A158189,7185.74,0.0,0
5A158300,13337.72,0.0,0
3A158417,14133.62,0.0,0
2A158453,81492.44,0.0,0
5A158478,9431.9,37396.75162,0
1A158525,5974.3,0.0,0
6A158553,7674.52,0.0,0
8A158864,22680.2,0.0,0
5A158949,6185.99,29986.02539,0
5A158980,5643.46,0.0,1
8A159136,10729.76,0.0,0
1A159367,12966.9,0.0,0
3A159382,8176.84,0.0,0
8A159584,30373.41,0.0,0
8A159623,5512.4,0.0,0
5A159633,8404.83,0.0,0
8A159679,7910.62,0.0,0
1A160019,8680.13,0.0,0
4A160025,5576.38,0.0,0
6A160146,24679.47,0.0,0
4A160177,6520.26,0.0,0
7A160344,5759.06,0.0,0
7A160359,16887.89,0.0,0
8A160416,8830.22,0.0,0
7A160425,19024.13,0.0,0
4A160441,22446.66,0.0,0
2A160542,16383.58,0.0,0
4A160546,24594.95,0.0,0
3A160595,7856.38,0.0,0
4A160795,11477.81,8679.579879,0
7A160859,7553.75,0.0,0
3A160872,6783.05,0.0,0
2A161011,9912.25,0.0,0
3A161053,1257792.1,0.0,0
4A161076,7386.53,0.0,0
8A161113,6507.1,0.0,0
4A161136,7201.48,0.0,0
6A161170,22407.57,0.0,0
7A161246,7610.49,0.0,0
2A161263,8475.61,0.0,0
7A161390,5442.72,0.0,1
1A161481,11841.99,0.0,0
2A161571,17441.57,0.0,0
1A161611,21823.52,12449.63288,0
8A161713,13306.25,0.0,0
6A161734,49440.51,0.0,0
6A161755,11074.3,0.0,0
4A161815,20160.2,0.0,0
1A161816,6388.68,0.0,0
8A161877,7807.52,0.0,0
7A162065,12974.98,0.0,0
7A162077,26766.96,0.0,0
1A162180,11021.56,0.0,0
8A162479,11466.61,0.0,0
5A162594,31350.86,0.0,0
7A162648,6381.32,0.0,0
8A162836,6448.71,0.0,0
2A162929,20309.24,0.0,0
1A163198,12604.7,0.0,0
3A163254,8220.12,0.0,0
2A163288,5484.72,0.0,0
0A163386,5511.35,0.0,0
1A163496,9655.92,0.0,0
3A163608,5203.82,0.0,0
4A163750,5269.27,0.0,0
7A163774,5021.07,0.0,0
8A163781,11242.18,0.0,0
8A163843,3294963.0,51488.0261,0
6A163933,23794.2,0.0,0
7A164340,19747.06,0.0,0
5A164487,9810.56,0.0,0
8A164543,5041.85,0.0,0
8A164552,15482.48,0.0,0
0A164726,148365.3,0.0,0
7A164844,18416.76,0.0,0
1A164869,13139.8,0.0,0
7A164905,6499.13,0.0,0
0A165023,25094.5,0.0,0
8A165058,8867.33,0.0,0
5A165061,6854.89,0.0,0
7A165138,21469.92,0.0,0
6A165366,7197.22,0.0,0
3A165396,34457.6,25645.93855,0
5A165416,7763.3,0.0,0
5A165707,8984.98,0.0,0
0A165711,20869.77,0.0,0
0A165724,22554.24,0.0,0
2A165930,6746.82,0.0,0
6A165978,5118.31,0.0,0
1A166263,6629.71,15122.7606,0
1A166411,7679.33,0.0,0
2A166452,5154.39,0.0,0
2A166476,26297.68,0.0,0
8A166540,746515.25,0.0,1
7A166598,11625.24,0.0,0
5A166622,21909.18,0.0,0
5A166798,6682.33,0.0,0
0A166920,15046.48,0.0,0
2A166973,9414.55,0.0,0
6A167104,13388.41,0.0,0
4A167431,9502.5,0.0,0
7A167470,10342.69,0.0,0
4A167526,7083.1,0.0,0
2A167548,13605.38,0.0,0
1A167553,9398.89,0.0,0
4A167653,8704.87,12711.61861,0
5A167904,17125.01,0.0,0
4A168104,29278.78,0.0,0
7A168151,71595.8,0.0,0
7A168213,5908.47,0.0,0
1A168233,35865.14,0.0,0
2A168304,2031265.1,0.0,0
5A168370,6766.34,0.0,0
5A168420,5747.06,0.0,0
9A168432,10261.54,0.0,0
6A168529,6843.14,0.0,0
6A168579,10391.15,0.0,0
5A168785,6169.91,0.0,0
7A168813,6266.63,0.0,0
5A169007,5214.85,0.0,0
6A169104,7350.6,7466.687096,0
6A169140,21946.26,0.0,0
2A169290,21102.5,0.0,0
8A169302,19120.37,0.0,0
4A169438,7611.57,0.0,0
3A169543,33067.87,8809.565459,0
2A169547,10727.92,63655.26361,0
7A169719,8016.3,0.0,0
6A169957,7436.15,0.0,0
7A170051,9775.89,0.0,0
0A170059,7559.11,0.0,0
7A170082,9555.46,0.0,0
8A170087,5563.43,0.0,0
2A170162,6745.26,0.0,0
8A170174,6955.56,0.0,0
2A170352,7918.9,0.0,0
8A170496,5961.17,0.0,0
6A170506,1924919.5,10853.65575,0
3A170529,25608.83,0.0,0
2A170688,11330.48,0.0,1
6A170884,6591.71,405362.3215,0
3A170956,7283.54,0.0,0
8A170978,5637.69,0.0,0
1A171267,14602.12,0.0,0
5A171310,16503.67,0.0,0
4A171326,7057.67,0.0,0
3A171336,6134.46,0.0,0
3A171396,15897.74,0.0,0
7A171398,5944.06,0.0,0
7A171458,21101.55,0.0,0
7A171718,5339.06,36218.16313,0
8A171753,11993.4,0.0,0
4A171780,5145.7,0.0,0
7A171898,19310.02,0.0,0
8A172058,12673.22,0.0,0
3A172443,8673.24,0.0,0
6A172782,13353.03,0.0,0
6A172960,8833.12,0.0,0
1A173363,8507.8,0.0,0
5A173528,5231.66,0.0,0
8A173530,16940.3,0.0,0
2A173703,10050.51,45212.3242,0
4A173776,6068.64,0.0,0
5A173811,665158.2,0.0,0
7A173953,46944.73,10730.51437,0
7A174075,5734.67,0.0,0
7A174112,16835.18,0.0,0
8A174175,28815.31,0.0,0
5A174643,20302.78,0.0,0
3A174673,8240.39,0.0,0
6A174767,9549.2,0.0,0
6A174772,14871.97,0.0,0
8A174861,12550.26,0.0,0
6A174896,9864.4,0.0,0
3A174935,6041.3,0.0,0
6A175031,6359.88,0.0,0
5A175105,8084.61,0.0,1
7A175129,5004.68,44668.94169,0
3A175162,6528.1,0.0,0
8A175287,10940.25,39951.98549,0
4A175331,14280.41,0.0,0
4A175491,81217.71,0.0,0
1A175663,7329.71,0.0,0
7A175686,5709.3,0.0,0
3A175757,66750.24,0.0,0
7A175825,8481.96,9015.245271,0
6A175836,21267.99,166308.12709999998,0
8A175873,16888.16,0.0,0
2A175912,7444.28,0.0,0
1A175915,8394.13,0.0,0
8A176039,6323.94,17035.80403,0
1A176146,21262.32,0.0,0
6A176283,5095.07,0.0,0
3A176289,7541.98,0.0,0
6A176304,7964.93,0.0,0
7A176323,19738.29,0.0,0
7A176325,25566.86,0.0,0
1A176514,10667.81,0.0,0
8A176673,15175.32,0.0,0
4A176747,12180.08,0.0,0
1A176823,6272.27,23828.43674,0
3A176836,13469.62,0.0,0
3A177068,17505.5,0.0,0
8A177085,9021.83,23470.29165,0
8A177175,5702.16,0.0,0
9A177192,22639.71,0.0,0
3A177233,9403.08,0.0,0
7A177281,5587.11,76871.43982,0
1A177287,33644.14,0.0,0
2A177398,2389379.0,0.0,0
8A177440,5208.42,0.0,0
7A177504,27832.45,0.0,0
3A177513,7275.22,0.0,0
6A177539,18526.06,0.0,0
2A177577,132723.28,0.0,0
7A177939,9246.2,0.0,0
1A178059,13470.77,0.0,0
6A178157,5072.57,0.0,1
6A178181,8353.38,0.0,0
7A178184,10189.3,0.0,0
3A178544,9245.33,0.0,0
4A178560,28693.53,0.0,0
6A178571,9319.02,8736.500616,0
4A178816,13693.52,0.0,0
1A178855,879409.06,0.0,0
5A178918,7911.61,0.0,0
7A179033,7874.72,0.0,0
6A179079,16860.4,51835.05918,0
5A179118,18296.24,0.0,0
7A179133,6863.07,0.0,0
1A179153,42842.4,0.0,0
1A179281,6746.74,0.0,0
2A179306,7658.92,0.0,0
8A179350,5465.13,0.0,0
5A179406,3138059.8,0.0,0
8A179428,11216.62,19485.80138,0
7A179532,7677.32,0.0,0
2A179600,16386.83,125219.9069,0
5A179638,19537.47,0.0,0
4A179650,25798.52,0.0,0
8A179843,3641877.0,15591.24634,0
0A179845,7371.76,0.0,0
6A180010,26358.11,0.0,0
3A180068,10802.4,0.0,0
8A180114,5156.23,0.0,0
3A180215,18979.57,0.0,0
1A180284,19950.8,0.0,0
6A180416,18563.79,0.0,0
3A180518,8359.9,0.0,0
8A180597,5453.74,0.0,0
8A180615,6694.07,177722.01511,0
4A180706,5436.61,0.0,0
7A180715,6349.47,0.0,0
6A180812,6522.28,53387.71661,0
1A180912,21470.91,0.0,0
4A180943,18494.8,0.0,0
7A181061,6420.3,0.0,0
5A181099,10532.36,0.0,0
6A181215,12001.38,0.0,0
5A181295,15176.08,26808.29232,0
6A181382,10847.59,0.0,1
7A181741,9944.33,0.0,0
4A181794,6334.85,12895.71987,0
7A181855,5982.29,0.0,0
6A181924,5215.28,0.0,0
5A182099,5005.56,0.0,0
6A182139,21127.12,0.0,0
6A182227,25288.33,0.0,0
7A182240,6354.76,56438.33988,0
6A182244,21433.44,0.0,0
5A182258,17099.49,0.0,0
8A182316,16839.45,0.0,0
7A182675,5155.91,0.0,0
2A182677,18696.75,0.0,0
9A182831,5371.41,0.0,0
6A182863,10113.66,0.0,0
2A182872,10894.2,0.0,0
8A183189,11958.94,0.0,0
7A183268,30537.75,0.0,0
6A183271,8168.03,16877.70988,0
5A183707,39463.9,0.0,0
1A183953,5205.28,0.0,0
4A184070,9477.68,17133.46056,0
1A184312,15113.11,0.0,0
7A184631,5532.07,0.0,0
3A184729,7349.82,0.0,1
3A184752,11386.0,0.0,0
4A184768,16684.85,0.0,0
2A184785,6509.76,7530.87949,1
5A185000,17441.72,0.0,0
8A185187,6307.17,0.0,1
7A185312,6161.8,0.0,0
1A185323,9366.96,0.0,0
5A185331,5032.28,0.0,0
8A185344,5083.65,0.0,0
3A185521,16319.17,115619.785,0
5A185604,9591.24,0.0,0
8A185667,17528.22,0.0,0
8A185704,11734.56,0.0,0
4A185751,18412.32,25740.4921,0
8A185963,17439.64,0.0,0
3A185979,21044.88,18286.61807,0
4A186179,15194.11,0.0,0
2A186308,5560.3,0.0,1
2A186393,10159.93,0.0,0
1A186593,508451.38,0.0,0
3A186700,10945.94,0.0,0
1A186883,3133816.2,0.0,0
3A186959,7047.61,0.0,0
4A186966,25484.54,0.0,0
5A187311,40104.45,60713.41303,0
4A187434,8606.12,0.0,0
4A187508,5626.13,17597.92953,0
6A187527,26984.14,0.0,0
8A187626,10691.48,0.0,0
6A187627,6189.76,0.0,0
6A187658,5886.93,0.0,0
4A187726,6157.24,0.0,0
2A188016,8125.58,0.0,0
0A188019,50748.98,0.0,0
1A188058,12662.92,0.0,0
8A188081,21037.02,0.0,0
0A188089,6760.55,0.0,0
1A188148,13624.3,0.0,0
8A188190,9040.95,0.0,0
3A188335,6944.03,0.0,0
3A188506,21229.77,0.0,0
7A188520,11880.64,0.0,0
4A188526,8115.82,0.0,0
8A188614,7743.63,0.0,0
5A188693,5253.92,0.0,0
2A188817,9122.7,0.0,0
9A188842,16505.79,0.0,0
2A188870,7568.4,0.0,0
5A188951,26542.5,0.0,0
8A188979,7775.43,0.0,0
4A189021,10867.82,0.0,0
2A189127,13411.46,0.0,0
1A189269,8546.98,0.0,0
6A189370,15827.57,345387.9817,0
7A189445,9854.47,0.0,0
1A189666,12243.84,0.0,0
1A189682,6293.0,0.0,0
5A189772,9772.43,0.0,0
1A189791,16866.98,0.0,0
8A189922,8858.14,0.0,0
2A189933,13594.24,0.0,0
1A189956,25966.68,0.0,0
7A189994,9184.6,0.0,1
2A190159,8336.42,0.0,0
3A190201,12486.85,0.0,0
3A190845,5589.24,0.0,1
9A190908,28770.04,0.0,0
7A191017,6240.75,0.0,0
3A191157,35377.41,0.0,0
3A191258,18246.3,0.0,0
8A191310,7740.0,0.0,0
2A191439,10718.15,0.0,0
7A191443,10567.33,0.0,0
9A191490,5734.73,0.0,0
5A191595,6027.73,0.0,0
6A191619,11115.53,43650.30692,1
8A192072,5334.13,0.0,0
4A192494,16302.08,0.0,0
8A192519,35330.51,0.0,0
4A192593,10323.92,0.0,0
4A192727,11111.29,0.0,0
1A192757,7556.57,0.0,0
7A192763,12976.79,0.0,0
3A192793,8270.07,0.0,0
5A192866,6747.29,0.0,0
1A193082,11683.84,0.0,0
8A193171,7803.3,0.0,0
4A193256,6813.34,0.0,0
3A193311,9774.45,0.0,0
5A193387,11464.34,23391.39233,0
4A193498,5766.75,35703.4177,0
6A193520,9294.79,0.0,0
7A193573,5254.95,127749.4891,0
8A193583,34717.28,0.0,0
6A193655,6330.08,0.0,0
7A193876,5575.4,0.0,0
8A193888,13528.45,0.0,0
6A193923,8426.12,16216.73351,0
3A193927,2849368.8,11067.43256,0
4A193970,5416.29,0.0,0
8A194190,8027.46,0.0,0
5A194233,17135.73,0.0,0
1A194275,7809.7,0.0,0
4A194649,14630.39,0.0,0
8A194714,24197.84,0.0,0
6A194798,5862.75,0.0,0
4A195072,40815.35,0.0,0
6A195200,7470.3,0.0,0
3A195301,14060.39,0.0,0
6A195408,3040400.0,0.0,0
1A195414,15391.18,0.0,0
6A195544,13960.35,0.0,0
8A195549,5890.16,0.0,0
3A195673,40494.26,0.0,0
7A195677,5037.31,0.0,0
2A195817,18684.25,0.0,0
7A195842,11966.96,0.0,0
4A195869,8727.27,0.0,0
3A195884,5604.82,0.0,0
6A195902,42109.94,0.0,0
2A196012,17702.64,0.0,0
4A196058,8480.63,0.0,0
1A196212,5940.95,0.0,0
4A196430,31296.06,0.0,0
8A196597,6128.64,0.0,0
4A196611,422316.1,0.0,0
3A196676,15008.18,0.0,0
8A196768,5130.27,0.0,0
6A196832,2122752.2,0.0,0
4A197053,21818.01,106806.5666,0
1A197155,57508.34,0.0,0
4A197230,8090.67,0.0,0
6A197353,10777.07,0.0,0
3A197400,11733.86,0.0,0
2A197460,3764691.8,0.0,0
5A197526,10165.77,0.0,0
6A197549,7371.87,0.0,0
4A197574,10107.25,0.0,0
6A197576,14090.09,17943.68361,0
2A197654,9334.08,0.0,0
1A197717,21809.84,0.0,1
6A197729,36392.03,0.0,0
5A197806,11329.2,0.0,0
7A198022,6807.25,0.0,0
1A198100,9865.25,31956.54182,0
2A198407,5278.69,0.0,1
9A198570,9858.84,0.0,0
4A198627,18755.03,0.0,0
4A198685,14096.66,7948.647983,0
5A198742,66564.1,0.0,0
6A198759,11008.1,0.0,0
1A198790,8604.82,0.0,0
2A198902,5347.23,0.0,0
5A198936,7997.95,13912.43603,1
4A199072,5637.3,0.0,0
5A199194,24386.04,0.0,0
3A199312,8289.6,0.0,0
6A199338,27002.98,0.0,0
5A199462,7563.1,0.0,0
1A199543,37807.38,18724.73409,0
6A199555,8536.47,0.0,0
8A199650,11561.01,0.0,0
6A199661,18197.02,0.0,0
9A199764,11643.81,0.0,1
7A199903,11747.16,0.0,0
1A199916,5443.23,0.0,0
5A199932,1966895.2,0.0,0
2A200072,14461.44,0.0,0
1A200123,30931.38,0.0,0
2A200226,14119.0,0.0,0
2A200227,32531.86,0.0,0
4A200228,15485.02,0.0,0
4A200347,5702.31,0.0,0
2A200440,11569.71,0.0,0
8A200521,5485.64,0.0,0
8A200759,15455.28,0.0,0
5A200790,7345.57,0.0,0
4A200838,40825.48,0.0,0
5A200868,16050.06,0.0,0
4A201118,14649.71,0.0,0
3A201508,9079.73,0.0,0
4A202174,17813.12,0.0,0
1A202199,8416977.0,0.0,0
0A202226,25952.84,20323.26294,0
7A202293,5181.47,0.0,0
4A202310,14361.61,0.0,0
2A202348,1637988.1,182498.916,0
9A202361,5227.55,0.0,0
8A202464,554699.8,45175.68341,0
6A202616,442449.2,0.0,0
8A202650,6321.99,52886.782987,0
3A202672,13764.48,20252.40799,0
1A202694,5283.46,0.0,0
4A202709,6127.06,111486.6268,0
7A202913,6099.8,0.0,0
4A202963,11729.49,0.0,0
4A203032,8617.55,0.0,0
5A203098,15285.61,0.0,0
8A203178,5192.34,0.0,0
6A203570,60069.64,0.0,0
1A203790,19669.54,48380.44768,0
5A203809,7073.34,0.0,0
6A203852,5170.39,0.0,0
1A203902,9683.74,0.0,0
8A203920,10856.65,0.0,0
6A203997,30409.85,0.0,0
8A204081,24254.04,0.0,0
3A204192,22220.13,71610.83958,0
1A204251,5784.84,0.0,0
1A204261,9571.0,0.0,0
7A204316,5292.45,0.0,0
0A204354,2030750.1,0.0,0
3A204383,5466.51,0.0,0
1A204415,5592.68,304680.7745,0
6A204520,5767.32,0.0,0
6A204583,17360.94,0.0,0
5A204610,5362.35,0.0,0
3A204654,13069.87,0.0,0
3A204706,6028.55,0.0,0
2A204939,7250.84,0.0,0
7A205040,10315.51,0.0,0
7A205120,398719.88,0.0,0
5A205307,34853.78,0.0,0
6A205328,5118.07,0.0,0
8A205347,11962.21,0.0,0
3A205380,12096.82,0.0,0
7A205393,5383.26,0.0,0
0A205597,157295.58,65457.51318,0
5A205625,7473.24,0.0,0
5A205636,11398.24,0.0,0
5A205775,10818.15,33566.42792,0
6A205914,5265.0,0.0,0
3A205919,14228.04,0.0,0
8A206239,31822.01,0.0,0
2A206441,6605.42,0.0,0
6A206563,7690.81,0.0,0
8A206688,15511.16,0.0,0
6A206757,7287.74,0.0,0
4A207021,804073.4,18298.50696,0
3A207122,30462.72,0.0,0
2A207124,25742.87,0.0,0
5A207225,6636.4,0.0,0
7A207608,5119.89,0.0,0
7A207686,26311.64,0.0,0
5A207735,7554.07,0.0,0
4A207757,12833.53,5158.489495,0
4A207811,10359.05,0.0,0
9A207873,12233.48,0.0,0
9A207903,15085.21,0.0,0
6A208081,20442.27,0.0,0
3A208098,15211.88,0.0,0
3A208110,5957.57,0.0,0
4A208205,5497.05,0.0,0
0A208333,8785.81,0.0,0
3A208347,5185.39,0.0,0
3A208380,5716.09,0.0,0
7A208485,6418.59,0.0,0
7A208500,16292.94,55771.13301,0
7A208525,7427.28,0.0,0
4A208552,8623.72,0.0,0
2A208566,10842.8,0.0,0
3A208578,9387.96,0.0,0
5A208705,7728.94,0.0,0
0A208719,24842.84,0.0,0
4A208759,15549.41,0.0,0
5A208828,16268.87,0.0,0
8A209172,16249.64,0.0,0
4A209316,5304035.5,0.0,0
7A209330,27991.47,74187.41121,0
1A209695,17435.11,0.0,0
8A209720,7686.19,0.0,0
8A209744,11260.08,0.0,0
1A209763,17833.54,0.0,0
2A209783,95747.62,0.0,0
8A209830,6557.64,0.0,0
3A209957,5689.99,0.0,0
7A209973,6348.75,0.0,0
1A210028,29746.06,0.0,0
5A210078,9174.96,0.0,0
4A210317,54901.92,0.0,0
6A210576,11084.64,0.0,0
3A210715,12269.09,0.0,0
5A210956,15625.55,0.0,0
4A211091,15697.18,9904.080283,0
5A211095,5985.85,0.0,0
2A211194,1043393.2,22390.20361,0
2A211254,5674.2,0.0,0
5A211457,61951.14,0.0,0
6A211593,32897.05,0.0,0
3A211610,7932.72,0.0,0
4A211689,13255.83,16791.6421,0
6A211733,6115.55,0.0,0
6A211749,12638.57,205214.7019,0
8A211757,22695.39,0.0,0
7A211847,9023.74,0.0,0
3A211872,33237.74,0.0,0
4A212209,24020.05,0.0,0
5A212399,7860.55,0.0,0
3A212476,21806.57,0.0,0
8A212582,5251.72,0.0,0
8A212825,31557.62,48563.24297,0
7A212948,5293.44,0.0,0
2A213049,20336.62,0.0,0
2A213090,9694.66,0.0,0
6A213180,6945.8,0.0,0
5A213418,5926.96,0.0,0
1A213491,6163701.0,0.0,0
9A213511,5446.0,0.0,0
2A213770,24095.97,17759.21466,0
5A213935,5972.98,0.0,0
8A213969,8257.55,0.0,0
2A214036,10147.43,0.0,0
3A214118,9207.23,0.0,0
3A214136,193239.86,0.0,0
5A214177,5113.65,0.0,0
1A214293,64645.45,0.0,0
6A214363,5815.4,0.0,0
0A214455,8130.98,0.0,0
5A214795,9397.26,0.0,0
6A215028,23254.09,0.0,0
4A215052,8503.26,0.0,0
7A215211,28162.4,205838.3005,0
2A215237,12460.11,0.0,0
5A215315,18473.6,0.0,0
7A215457,5312.66,12365.7245,0
4A215530,9632.72,28132.09173,0
4A215577,17663.52,0.0,0
1A215767,7305.38,0.0,0
6A215887,6696.3,0.0,0
5A216031,12116.1,15878.44735,0
7A216205,27158.04,0.0,0
4A216434,16098.76,37600.10215,0
2A216478,8685.32,0.0,0
5A216582,6961.77,0.0,0
1A216692,5592.81,19518.08929,0
1A216707,1111579.5,0.0,0
4A216735,6150.58,0.0,0
8A216810,5300.81,0.0,0
1A216894,40619.62,0.0,0
0A216927,39225.22,0.0,0
1A216966,6187.73,0.0,0
3A216967,10866.69,0.0,1
2A217131,7078.79,0.0,0
7A217151,13869.33,0.0,0
2A217467,11532.42,0.0,0
7A217488,22595.84,0.0,0
8A217562,26281.22,0.0,0
1A217588,38587.57,0.0,0
5A217652,779082.75,0.0,0
1A217664,9308.81,0.0,0
5A217772,21101.06,0.0,0
1A217789,7411.64,0.0,0
5A217796,11189.51,0.0,0
3A217851,5765.65,0.0,0
3A217934,12086.41,0.0,0
7A218177,41547.11,0.0,0
8A218245,19842.4,0.0,0
1A218328,25464.75,0.0,0
7A218426,6753.71,0.0,0
3A218451,960424.3,0.0,0
7A218517,24525.94,0.0,0
7A218608,12876.47,0.0,0
8A218716,35449.46,29438.49413,0
1A218823,19464.16,0.0,0
8A218952,6835.98,0.0,0
1A219099,15548.53,0.0,0
7A219161,43981.7,0.0,1
9A219242,12506.65,0.0,0
4A219286,15933.92,0.0,0
2A219500,7017.25,0.0,0
5A219560,76687.28,9630.699671,0
2A220231,6668.14,14098.64131,0
2A220286,4497185.0,0.0,0
6A220348,8313.51,0.0,0
3A220378,8094.39,0.0,0
8A220687,51823.59,25920.28851,0
4A220753,5086.79,0.0,0
4A220770,6926.92,0.0,0
7A220807,8640.12,0.0,0
1A220881,11405.81,0.0,0
6A220900,9110.69,0.0,0
1A221323,7150.67,0.0,0
8A221325,6233.37,0.0,0
4A221372,9513.59,0.0,0
3A221397,18608.26,0.0,0
8A221466,7354.37,0.0,0
5A221505,7460.98,0.0,0
4A221621,5220.21,0.0,0
4A221646,12743.3,0.0,0
4A221750,2777566.5,0.0,0
8A221907,12924.46,0.0,0
8A221960,18986.39,0.0,0
4A221971,842991.25,0.0,0
5A221980,15239.74,0.0,0
5A222264,8661.19,15135.72766,0
1A222454,29102.8,0.0,0
5A222550,15262.06,0.0,0
3A222645,37247.56,0.0,0
5A222811,5754.25,0.0,0
4A222879,17548.74,0.0,0
7A223036,11239.73,0.0,0
0A223064,15376.17,15329.53292,0
8A223104,7739.04,0.0,0
2A223192,33093.42,0.0,0
6A223221,573616.56,0.0,0
4A223320,5655.6,0.0,0
8A223343,14095.94,0.0,0
8A223470,31875.77,0.0,0
2A223543,21452.52,0.0,0
4A223643,19807.52,0.0,0
3A223704,7420.86,0.0,0
3A223743,633191.7,61814.89987,0
8A223819,6957.99,0.0,0
6A223905,18222.15,0.0,0
6A223911,22713.71,0.0,0
5A224014,9016.2,0.0,0
3A224198,6379.69,0.0,0
2A224301,8932.16,0.0,0
6A224331,12333.5,0.0,0
6A224334,9623.75,0.0,0
2A224388,8218.01,0.0,0
4A224512,30036.74,0.0,0
3A224806,9676.92,0.0,0
5A224868,8178.89,0.0,0
2A225158,13555.03,0.0,0
5A225230,15653.89,0.0,0
4A225255,51240.17,0.0,0
8A225341,10005.09,0.0,0
1A225386,18220.85,126872.4116,0
7A225391,7450.68,0.0,0
5A225492,20116.45,0.0,0
9A225506,5189.93,0.0,0
4A225563,7559.84,0.0,0
3A225659,49044.01,0.0,0
6A225665,6669.04,0.0,0
5A225679,12219.81,0.0,0
6A225783,23901.55,0.0,0
6A225794,8411.02,5939.654066,0
7A225920,5383.0,0.0,0
8A226112,155997.98,0.0,0
8A226196,5568.18,0.0,0
2A226203,31749.47,0.0,0
7A226282,6448.67,236049.99599,0
3A226365,7050.79,0.0,0
4A226375,15157.54,0.0,0
8A226499,9066.61,0.0,0
8A226671,11673.55,0.0,0
6A226716,7365.22,0.0,0
0A226863,24478.02,0.0,0
8A226990,14505.81,0.0,0
3A227069,22663.42,0.0,0
2A227171,9052.26,0.0,0
1A227314,12413.72,12921.60686,0
5A227345,12765.09,50868.4626,0
2A227356,6618.55,0.0,1
2A227372,8535.85,0.0,0
8A227400,41174.47,0.0,0
4A227669,11862.83,0.0,0
9A227697,9631.15,0.0,0
5A227709,7325.41,0.0,0
8A227730,5465.2,10558.80415,0
1A227946,5276.91,0.0,0
7A228032,5133.78,24607.64972,0
6A228057,5597.98,0.0,0
5A228072,8038.96,0.0,0
6A228156,23978.4,0.0,0
3A228234,11161.4,0.0,0
1A228340,5291.9,0.0,0
3A228366,15439.45,0.0,0
2A228406,12545.88,26184.65777,0
1A228447,10964.04,0.0,0
7A228459,8410.07,0.0,0
4A228676,6925.45,149886.974,0
3A228700,15840.3,0.0,0
1A228788,34711.65,34147.2205,0
7A228799,22728.36,0.0,0
8A228826,7057.86,0.0,0
6A228846,8152.15,117574.3194,0
5A228856,5124.8,0.0,0
3A228919,5122.45,0.0,0
8A229102,16926.68,0.0,0
8A229245,12269.88,0.0,0
6A229306,6036.13,0.0,0
1A229361,8201.15,0.0,0
5A229473,7768.7,18118.72552,0
7A229530,47394.24,0.0,0
7A229750,32401.14,18493.23414,0
5A229770,2790335.2,32533.27746,0
5A229783,11628.22,0.0,0
3A229843,284281.06,0.0,0
2A229937,5536.76,0.0,0
3A230062,8352.4,0.0,0
6A230327,15666.98,0.0,0
8A230473,6476.97,0.0,0
5A230562,7427.01,0.0,0
1A230575,6820.1,0.0,0
4A230785,20310.4,0.0,0
5A230797,15354.96,0.0,0
0A230824,5831.24,0.0,0
4A230895,25982.51,0.0,0
0A230909,5922.76,0.0,0
4A231109,10551.15,0.0,0
6A231212,11364.69,0.0,0
5A231305,8179.77,0.0,0
0A231322,6826.88,0.0,0
6A231362,15994.76,0.0,0
3A231465,6911.4,0.0,0
2A231549,6098.89,0.0,0
1A231569,13700.86,0.0,0
1A231682,18297.44,0.0,0
8A231715,6625.94,13932.06005,0
1A231717,12867.3,0.0,0
9A231807,10704.68,0.0,0
2A232007,7562.27,0.0,0
2A232023,7707.96,560681.7581,0
3A232144,5644.81,0.0,0
1A232146,14414.5,0.0,0
3A232150,7116.87,0.0,0
6A232236,28711.36,0.0,0
7A232263,29759.38,0.0,0
2A232316,16546.24,0.0,0
1A232318,10118.81,0.0,0
8A232565,9476.79,0.0,0
9A232578,19345.41,24827.65646,0
2A232667,12005.15,0.0,0
5A232681,10777.5,0.0,1
3A232747,45056.76,0.0,0
4A232807,16613.68,0.0,0
2A232825,6636.14,0.0,0
1A232859,13367.62,0.0,0
3A232904,8984.42,0.0,0
1A232947,20976.24,0.0,0
4A233016,8065.78,0.0,0
1A233476,25177.64,0.0,0
7A233523,7736.84,0.0,0
7A233583,12801.5,98086.96562,0
8A233614,5846.91,283432.2505,0
2A233667,9763.26,0.0,0
2A233688,9252.42,0.0,0
7A233972,25835.33,0.0,0
5A234136,9396.04,0.0,0
2A234171,13335.35,0.0,0
1A234363,14765.05,0.0,0
8A234379,10022.27,0.0,0
8A234549,10063.71,0.0,0
4A234606,9478.18,0.0,0
2A234653,22617.85,153744.8349,0
2A234756,5422.07,0.0,0
1A235030,6942.79,0.0,0
5A235196,8623.02,0.0,0
6A235200,6845.95,0.0,0
1A235243,7877.28,0.0,0
4A235310,13875.17,0.0,0
8A235523,6276.95,51756.64341,0
5A235531,5836.75,0.0,0
6A235534,2453130.2,0.0,0
8A235894,8386.82,0.0,0
3A235933,12847.89,0.0,0
7A236236,11240.05,0.0,0
1A236402,29420.38,0.0,0
6A236470,37385.6,0.0,0
5A236549,27400.6,0.0,0
6A236685,22380.38,0.0,0
2A236896,20179.75,0.0,0
5A236901,5343.32,0.0,1
5A236943,14316.45,0.0,0
8A236955,5779.54,0.0,0
8A237016,27078.62,0.0,0
2A237039,7185.25,0.0,0
9A237275,11446.14,0.0,0
7A237334,6810.71,0.0,0
9A237461,5168.17,0.0,0
7A237524,5588.41,0.0,0
2A237611,15987.82,0.0,0
5A237650,6262.07,0.0,0
2A237703,7529.65,0.0,0
7A237717,11583.16,0.0,0
2A237853,8493.72,0.0,0
2A238000,10772.46,0.0,0
4A238038,5299.82,128997.6243,0
7A238067,13191.38,28389.64562,0
0A238300,10737.13,0.0,0
6A238313,25794.17,0.0,0
8A238368,16121.56,0.0,0
4A238370,24032.37,0.0,0
7A238424,6989.54,0.0,0
6A238509,48003.62,0.0,0
5A238725,19620.39,0.0,0
8A238761,9355.29,0.0,0
7A238779,15037.68,0.0,0
4A238786,51127.35,0.0,0
5A238796,14740.11,0.0,0
3A238799,5693.78,0.0,0
6A238850,17987.73,0.0,0
9A238904,8086.94,0.0,0
4A238914,15180.8,0.0,0
3A238935,25342.99,0.0,0
6A238943,19408.58,0.0,0
4A238955,1961191.5,0.0,0
2A238983,11408.34,0.0,0
4A239302,32565.26,0.0,0
3A239582,5402.28,0.0,0
3A239971,7385.36,32119.82041,0
2A240098,16107.9,0.0,0
6A240303,54475.34,0.0,0
7A240546,7710.96,0.0,0
7A240583,28088.44,68028.0165,0
4A240728,8174.21,0.0,0
6A241132,45118.24,0.0,0
6A241135,13043.02,0.0,0
5A241245,7860.61,0.0,0
5A241249,24982.22,0.0,0
7A241296,25329.07,0.0,0
2A241451,7151.72,0.0,0
6A241477,17818.84,0.0,0
9A241488,9691.42,0.0,0
5A241518,9013.46,0.0,0
4A241529,10956.01,0.0,0
5A241575,21906.06,0.0,0
1A241667,8755.05,11065.81352,0
6A241698,5476.54,0.0,0
8A241773,20867.06,0.0,0
4A241856,16142.8,0.0,0
8A241919,6772.75,0.0,0
2A241967,17470.26,0.0,0
0A242020,5888.28,8125.831885,0
8A242079,12490.93,0.0,0
4A242306,6683.95,0.0,1
3A242384,38046.36,0.0,0
5A242452,13528.78,0.0,0
8A242553,7158.72,0.0,0
2A242674,10432.66,0.0,0
2A242683,36253.56,0.0,0
8A242855,7688.59,16610.90868,0
7A242995,11284.99,0.0,0
8A243152,6409.21,0.0,0
7A243189,8637.84,29773.74558,0
8A243196,10799.78,0.0,0
2A243225,5083.28,0.0,0
6A243322,16594.6,0.0,1
5A243358,13713.35,0.0,0
4A243640,1145956.4,0.0,0
5A243693,16606.84,0.0,0
2A244086,11685.71,0.0,0
6A244336,9036.75,0.0,0
2A244437,17922.92,25441.74251,0
6A244561,10857.47,0.0,0
2A244641,6612.87,0.0,0
1A244650,6630.89,0.0,0
9A244666,6512.01,115319.9522,0
3A244832,24427.22,0.0,0
4A244882,6187.15,0.0,0
8A244978,7570.62,0.0,0
1A245060,8909.15,0.0,0
6A245170,13567.94,0.0,0
2A245274,5485.94,0.0,0
6A245386,9800.45,0.0,0
7A245516,15428.44,0.0,0
2A245533,145673.03,0.0,0
8A245565,25435.11,0.0,0
7A245582,1296332.0,0.0,0
4A245788,16809.33,0.0,0
1A245833,37180.77,14339.41095,0
2A245879,12752.12,0.0,0
5A245950,92937.3,0.0,0
7A245969,5543718.0,0.0,0
5A245979,9965.09,0.0,0
7A246058,5349.87,0.0,0
1A246257,40709.63,0.0,0
9A246531,10221.2,0.0,0
1A246681,7532.1,0.0,1
6A246729,11595.65,0.0,0
1A246807,6550.83,89647.91671,0
6A246854,15960.14,0.0,0
6A247267,23215.22,0.0,0
2A247453,10526.64,32395.40706,0
3A247463,6452.68,0.0,0
3A247688,6212.15,0.0,0
3A247697,15029.5,0.0,0
4A247753,12487.45,0.0,0
1A247820,8980.09,0.0,1
8A247832,6368.42,0.0,0
3A247865,11873.54,0.0,0
2A247911,7309.53,0.0,0
8A247996,7041.01,0.0,0
8A248095,10091.56,0.0,0
1A248122,106401.26,0.0,0
5A248139,19933.38,0.0,0
7A248243,81717.7,0.0,0
7A248344,6265.66,0.0,0
3A248596,9626.1,0.0,0
8A248859,5220.67,0.0,0
2A248939,11003.53,0.0,0
5A248942,41824.12,0.0,0
2A248970,21174.54,0.0,0
3A248987,28065.27,0.0,0
8A249104,5065.22,0.0,1
1A249174,12553.32,0.0,0
1A249255,8572.65,0.0,0
8A249322,10713.72,0.0,0
7A249329,9100.18,0.0,0
4A249342,19568.73,0.0,0
4A249442,9200.89,0.0,0
3A249510,6309.39,0.0,0
6A249645,5710.39,0.0,0
1A249679,13502.56,43863.36062,0
8A249755,30452.92,10528.37611,1
3A249812,7928.51,0.0,0
